REF. HESPERIA,cleaned
GI.11.01,['obi']
GI.08.05,['---takokoba---']
GI.08.11,['---eś']
GI.10.30,['---ban']
GI.10.21,['kans+']
B.44.09,['kue']
B.44.01,['atinsin']
B.44.13,['la']
B.44.12,['bala+']
B.44.24,['biuŕtir']
B.44.22,['kaileśketin+ XIII']
B.44.17,['tikir']
B.44.16,['bantoŕenḿibaikar']
B.43.01,['kátón']
B.42.01,['---ku-s---']
B.41.17,['---+ti']
B.41.14,['si']
B.41.16,['---baś']
B.41.13,['lku']
B.41.11,['karkankati']
B.41.10,['ei']
B.41.07,['l+---']
B.41.15,['tin---']
B.41.06,['iun']
B.37.03,['baikar']
B.37.04,['uatina']
B.36.03,['iko']
B.36.05,['---ba+---']
B.36.LATINA,['VV']
B.36.06,['---esa']
B.36.08,['---+eti+---']
B.36.07,['---mba+---']
B.36.02,['tau---']
B.36.04,['laku']
B.36.01,['skéŕlakónaŕankókólo---']
B.16.01,['ai']
B.16.02,['bai---']
B.16.04,['use---']
B.17.11,['---lau']
B.20.14,['---kule']
B.20.04,['bilosaŕkértekiar']
B.13.01,['atuŕo---']
B.14.01,['lal']
B.14.02,"['lu', '']"
B.14.03,['baŕ']
B.12.06,"['o', 'a']"
B.12.07,['----s']
B.12.01,['ata']
B.12.03,['ḿba']
B.12.05,['ube']
B.12.02,['itiḿ']
B.12.08,"['alauke', 'ti']"
B.10.01,"['---ti', '+']"
T.03.04,['']
T.14.02,['taŕ']
T.14.03,['stu---']
B.41.12,"['la', 'ka']"
GI.17.01,['ul']
GI.17.02,['---lkoti']
GI.10.19,['tuŕśbiuŕar']
GI.10.16,['bikitiŕ']
GI.10.17,['biuŕtáŕar']
GI.10.18,['kibas']
GI.10.20,['unbas']
T.07.02,"['', '---uteska:eŕkaikiśoka:baŕbinkite', '---kianaiunortiniku:śalirotanai', '---ultibeikate:śalir:siatikanis:', '---tike', 'aiunortinikabitaŕanteśir']"
T.07.04,"['------+', 'iunsti-', 'r:banbite-', 'ŕoka :', '--+e', '------']"
T.00.03,"['---ŕskáito+---', '---+silunini+---', '---bekeŕtiniŕiká---']"
T.00.01,"['koŕasiŕen:e Π I', 'neŕseoŕtinika:e I I', 'kaisuŕanaŕika:I I']"
L.10.01,['aŕsi---']
L.08.02,['bin++---']
GI.10.03,"['------', '---+++ke---', '---inti : tan+---', '---+ke : koŕnel+---', '---ite : ika+---', '--- : s---', '------']"
GI.10.04,"['------', '---tineoś---', '---+tikirsakaŕ', '---++i---r', '------']"
GI.10.05,"['------', '---+---', '---ko:ne---', '---+rśar---', '---s:---', '------']"
B.44.15,['ata']
B.15.02,['beikankine']
B.39.01,"['iunia', 'bo']"
GI.08.13,"['oli ti', '']"
B.43.05,['lauŕko']
B.43.02,['---teḿr']
GI.19.01,['bil']
B.18.01,['bakaśutaŕte']
T.03.01,"['nio', '']"
B.04.01,['beŕbaiekinetiḿi']
GI.10.06,"['------', '---ta+ltanki---', '---lakiniki---']"
GI.10.10,"['lakeŕeiartuŕu baisebilos : beleśta banar : or', '+re enatilar']"
GI.10.12,"['', 'nalbesosin', 'lakun uralaśkaŕ', 'akaśtikeŕ siken+++', 'aŕtakalebalkeaŕ++', '++talon', 'sikounin', 'ilakotinebabon', 'abatulkatuŕabaniu', '']"
GI.10.13,['bintaŕe']
GI.10.14,['sorseiteŕkeboiḿi']
GI.10.15,"['goŕotiginai', 'ukal', 'auŕkeŕen']"
GI.10.28,['ultibeleś']
GI.10.22,['balkar---']
GI.10.LATINA,"['', 'iueś', 'ubieke', 'uḿbal', '']"
GI.10.26,['nu']
GI.10.24,"['ka', 'noa+', 'bin', 'oka+']"
GI.10.23,['ben']
GI.10.27,['on']
GI.10.29,['uo']
GI.10.25,['is']
GI.10.31,"['takoe', 'otin', '']"
GI.10.32,"['bin', 'en']"
GI.15.01,['---abeŕbu---']
GI.15.02,['---i+']
GI.15.04,"['', 'ar:basiaŕebe', 'ebaŕikáme:túikésiŕa:borsté:abaŕkeborsté:téŕ', 'tiŕs:baitesbi:neitékeŕu:táŕbelioŕkú:tímoŕ', 'kíŕ:bartaśkó:anbeikú:baitesir:saltukó:kúletábeŕkú+', 'bikiltiŕsté:eŕeśu:kótibanen:eberka:táśkáliŕs', 'loŕsa:batíbi:biuŕtáneś:saltukileŕkú:ki', 'taŕun:atábaker:abaśaker:tásbeŕiun:erna:borakáu', '']"
GI.15.05,"['aŕka+ibe', 'biuŕau', 'eteso', '- - -+s', '- - -tar', '+biuŕso', '++', 'biuŕtibaś', 'lauŕto', 'eteśuŕ', 'ie I I I I-o', '-te+---++']"
GI.15.06,"['unibelo', 'baitaś:tekar', 'koroiker', 'tortinai']"
GI.15.07,['aŕki biteu okano śal']
GI.15.08,['is si']
GI.15.09,"['', 'neitiniunstir', 'anbaikabalika', 'ilbikon', '+ŕkelki', 'koen ekiaŕakerbikir ban', 'auskeikaŕ']"
GI.15.10,['akitikem']
GI.15.26,"['otíkiŕtékeŕ', 'su', '']"
GI.15.19,['iltiŕbaś']
GI.15.12,['bartoin']
GI.15.22,['kéltáio']
GI.15.23,['kóśi']
GI.15.25,['otámi---']
GI.15.53,['osatón']
GI.15.18,['biuŕbetin']
GI.15.32,['tátáŕba']
GI.15.31,['táŕtólobaikétábam']
GI.15.27,['selkití-+']
GI.15.33,"['tibaśbir', 'o', '']"
GI.15.15,['betéśkónkili+']
GI.15.16,['bikíbelseśkó---']
GI.15.21,['kelbata']
GI.15.24,['laisbe---']
GI.15.52,['laká+---']
GI.15.28,['śa+---']
GI.15.29,"['tales', 'a-tó', 'ta', '']"
GI.15.20,"['il+---', '+i+-+', '']"
GI.15.34,['---letáŕ']
GI.15.44,['---+aoiśu']
GI.15.45,['---+baŕkabiuŕ+i---']
GI.15.35,['---betéikón---']
GI.15.36,['---betin']
GI.15.46,['---+táŕui']
GI.15.37,['---lauŕtá+---']
GI.15.38,"['---lauŕ---', 'u', '']"
GI.15.39,['---lurs---']
GI.15.41,"['---ŕbabia++---', 'ti']"
GI.15.42,['---ŕtobeś']
GI.15.47,['---+títor---']
GI.15.43,['---tui+---']
GI.15.13,['batá']
GI.15.17,['biu']
GI.15.30,"['tál---', 'ta']"
GI.15.14,['bes']
GI.15.48,['---+toi+---']
GI.15.49,['---++ti---']
GI.15.51,"['ko', 'i']"
GI.15.11,['ankitireśko+---']
GI.15.40,['---obeś']
GI.15.50,"['ba', 'ka']"
GI.08.02,"['-+lkitíbaś', 'lauŕsu:túrin', 'aluŕtíleis', 'bilotíkeŕei']"
GI.08.04,['ḿlbeier']
GI.20.01,"['biŕ:bilostáneśbatír:ibeitíkebatír:bilosbaśkáté©', 'n:auŕbimbatír:sortíkebatír:©ŕbatíbi:talskókáté', 'bilosbimbatír:lakúaŕkisbatír:©ŕbatíbi:bele:śtáŕkáté', '©ŕbatíbi:abaŕkísbatír:atintáneśbatírs:tánkókáté', 'śkábaibatíbi:akirtíbaśbatír:beleśbe:tibatír:kábaikáté', 'iriká:kólbiŕ---:be---:bakóntékeŕ', '©ŕbatí---beitikebatír:tí+']"
GI.20.02,"['tikirsbalauŕ:arḿi:banḿi:', 'aloŕbeŕiborareukeŕḿi', '']"
B.49.01,['balkesbaiser']
B.47.01,"['a++++tirtal+ar', 'ol II', '']"
B.47.02,['ar']
B.47.07,['---katin']
B.47.04,['---ne---']
B.47.03,['---ken']
B.47.09,['---+ś']
B.47.08,['---+i']
B.47.11,['---+ka---']
B.47.05,"['sba', '']"
B.47.06,['---a ta---']
B.44.02,['---+arnai:akiekiarn---']
B.44.25,['sosian']
B.44.10,['lakeŕ']
B.44.11,['seŕtun']
B.44.05,['biu---']
B.44.06,['kai']
B.44.14,['---+is++kaeś+---']
B.44.21,"['ta', 'ti', '+', 'ta']"
B.41.01,['akanos']
B.40.04,['ustainabaŕarban']
B.37.02,['nḿkei ltiŕa rḿi']
B.21.01,['-śtaneśe---intaneś- ebanen : au ŕuninkika oŕtinse ikika : siba itin :']
B.17.03,['ikeatin']
B.17.06,['lakene']
B.17.01,['balke']
B.17.02,['eba']
B.17.04,['kai']
B.17.07,['+ban']
B.17.12,['---++oke']
B.17.08,['---baki']
B.17.10,['---la']
B.17.05,['ki---']
B.17.09,['---kebaketakebaŕḿi']
B.17.13,"['', '---osti+++e:bilostíkenar', 'laketi++++abastíken+r', '']"
B.20.03,['aŕkiśaba+---']
B.24.01,['ol']
B.15.01,['eukin']
B.15.03,['tika']
B.34.01,['taneike+eś---']
B.35.02,['kaa+---']
B.35.01,['eba']
T.11.01,"['koti', 'baiŕ']"
T.11.02,['---tosoe+ŕki+teiar']
T.11.03,['kaŕain']
T.11.04,['arkatibaśbi+rti---']
T.11.05,"['aŕe : take', 'atinbelauŕ : antalskar', 'FVLVIA : LINTEARIA']"
T.11.06,"['------+', 'HEIC : EST : SITVS, -A ---', 'aŕe : +ki : ar++---', 'sakaŕil+---']"
T.11.07SUSPECTA,"['', 'toŕs', '++', 'bita', '+e', 'be+']"
T.11.08SUSPECTA,['letaonḿi']
T.11.09,"['---NEI', '---ban', '---']"
B.31.01,['baŕ']
B.31.02,['aŕkeboŕ']
B.30.01,['artokoto---']
T.09.01,"['taltiu', 'ta']"
T.07.05,[':táutíntíbaś:sani:kiŕśto:uŕkétíkeś:']
T.07.06,['bateiŕebaikárśokínbaikár :']
T.07.07,['---u-i-tibaśte+---']
T.07.08,['banban']
T.07.09,['ḿn']
B.22.01,['---tuituiskeŕar---']
B.22.02,"['oŕkeirur', 'oŕkeibaŕban']"
B.25.01,['in']
B.27.01,"['ui', 'bel', '']"
B.29.01,['ao+']
B.29.02,['tas']
B.29.03,['baŕkákeŕ']
B.29.04,['iltiŕnou---']
B.29.05,['---kuletekerḿi---']
B.29.06,['---oŕtín---']
B.29.07,['ou']
T.06.08,['taŕś']
T.06.06,['taŕ']
T.06.04,['kiba']
T.06.09,['ko II']
L.20.01,['']
T.00.02,"['', '---+e:a+---', 'bieinesiŕ', 'baisenioska:o I I I I I I', 'baisenios', 'baitési:uniltun', 'eŕtoska:abaŕkebiotaŕ:ikí:Π I']"
GI.08.07,"['---baŕ', '']"
GI.08.12,['---tia---']
B.43.04,['baka+---']
B.43.03,['---+nkébos+---']
B.18.02,['bakaśutaŕte']
B.18.03,['ḿbaŕ']
L.16.01,['lakuḿtibaś ---']
L.07.03,['baŕke']
L.08.01,['---e ḿi---']
B.38.01,"['', '---tinbaśtéeŕoké', 'bartaśtóloriltursu+---', 'tórtónbalaŕbiteŕoka++']"
T.06.03,['i+']
T.07.01,"['', 'śalaiaŕkistenai', 'aŕikaletesui:lakuiltuń:ke:tasinbai---tibani+-r-+', 'śalaiaŕkiste:ikeŕ:aŕikalereian---+te:śalai+-tin', 'śalaiaŕkiste:beŕkebeśa:aŕi-', 'kalereianiŕ:aŕikale:etesur:tikirsur:akiaŕko:', 'torsinkeŕe']"
B.41.04,"['kubaŕ', 'al:- - -tulku', 'bibaḿi ki', 'riś', 'LEVCARIO', 'SVRI VIXIT']"
B.46.01,['---banḿi:biuŕtáŕte---']
GI.10.07,"['', '--- lakerekes ---', '---ŕtabir:s++---', '---e auśes:---', '---n:++---', '---+---']"
GI.10.08,"['lakeŕbela---', 'koŕtikiŕ---']"
L.19.01,"['baḿbaketi+', 'XII']"
L.06.01,['kírkukebe']
B.04.02,['luki']
B.05.01,"['soŕike---', 'tikobe---', 'ke++---', '+--+---']"
B.07.01,"['---+ŕ++ beŕikáŕs++', 'baŕkáabultumantiŕ++']"
B.06.01,"['---nḿ---', 'bele+---nar', 'inti']"
B.01.05,['lakeŕbelauŕ']
B.01.08,['---anako']
B.01.10,['---nkaler---']
B.01.04,"['il', 'u']"
B.01.09,['---kali---']
B.01.07,['+to']
B.01.11,['---+bau']
B.01.12,['---+i+---']
B.01.02,['ata']
B.01.03,['bai']
B.01.01,['ai']
L.03.01,"['ostaŕ+', 'atebartebar', 'suŕḿi']"
L.03.04,['luki']
L.03.02,['bin']
L.03.11,['---śake']
L.03.12,"['---+baka', '+---']"
L.03.13,['---un---']
L.03.10,['---baś---']
L.03.03,['la']
L.03.06,['oś']
L.03.08,['tir']
L.15.01,['---ninar']
L.14.01,['kuleśuŕir']
L.09.01,"['', 'balkar', 'abilakus+istiŕ+lakea+banśako+ola', 'aiuniltiŕte', 'niŕ-ŕekoneśanśaiteaśakaibarbe', 'bal+kabaka']"
L.11.01,['ban']
HU.02.01,"['aloŕiltu-', 'i:belaśbais-', 'ereban:keltaŕ', 'erkerḿi:aḿe-', 'teikeoen:erḿ-', 'i']"
L.07.01,['suśtaŕtike']
L.07.04,['suise---']
L.07.02,[':kaśtaunbankuŕs']
HU.01.01,"['---tan:oŕkeikelaur:ekisiŕan:neitin---', '---śkeŕ:']"
HU.01.02,['---biloskeŕe+kieiki:beta++ki---']
L.00.01,"['', 'baśtúrerteŕokánutúr', 'iuństir', 'ikośarka:+--siko:en:śalir:biteian:bantuŕer---']"
B.01.06,['kiis']
L.18.01,"['neitinke', 'subake:e:i:tako']"
B.02.01,['akal']
MU.01.01,"['b', 'o ib', 'X X<: ibe -+o+e', 'oŕbiloske:-SSXX<:-', 'ŕike:X<X<:kukebuŕke :<', 'XX :+ śaneke:X<X<:leŕsge', '-eosdaŕke:><X<+', '+++tigiś++', '-o']"
V.06.002,"['ekesaer', 'eŕiarbam']"
A.10.11,"['', 'soanbibu', 'taki', 'ti', 'kekadu']"
A.10.12,['kakembaloutalou']
A.04.10,"['+', 'lu', 'taś len', '+']"
A.04.02,"['iŕiseret', 'ilaeŕi:isai', 'gudu : leisi:', '+ :leikta', 'beri:leiŕia', 'salir:iŕide :', 'setabeŕe :', '+: arnai']"
SP.01.08,['inbaa+litur']
A.04.09,"['aula', 'śan +ś', 'ig']"
A.09.05SUSPECTA,"['', 'śebiŕin:taubaśtetaś', 'tintileis:bantubailkunḿi', 'arbais:neban:kuniŕ', 'bantaśkalir:belśtaukui:aurelen', 'III I kekeerirtiban:kuteŕnaniśil', 'beŕenultiteś:kitei:autiriśa', 'nbali:toroś:balaukiakiŕe', 'abarbaśtanie:sonai', 'iumabeleś:talkuneu', 'baskiteierinuie']"
V.17.05,"['A:', 'bíśkíbí?rsetí:?ia:bineia', 'bisbíturbiWtín', 'B:', 'śntarlabí+nkoś:bí?rtuan:koikakiskítur', 'ebi?kora?', '']"
L.18.15LATINA,['RA']
L.18.07,['kuka']
TE.02.002,['aba']
TE.02.004,['aboki']
TE.02.005,['bars']
TE.02.006,['barta']
TE.02.007,['basku']
TE.02.008,['ita']
TE.02.009,['katuba']
TE.02.010,['kel']
TE.02.011,['kinaba']
TE.02.012,['kina']
TE.02.013,"['', 'kutui', 'u']"
TE.02.014,['seba']
TE.02.015,['barta']
TE.02.016,['ls']
TE.02.017,['ou']
TE.02.018a,['ś']
TE.02.019,['aba']
TE.02.020,['aboki']
TE.02.021,['aboki']
TE.02.022,['aboki']
TE.02.023,['aboki']
TE.02.024a,['te']
TE.02.025,['aike']
TE.02.026a,['ai']
TE.02.027a,['ai']
TE.02.028a,['ai']
TE.02.029a,['ai']
TE.02.030,['ai']
TE.02.031,['ai']
TE.02.032 = TE.02.028a?,['ai']
TE.02.033,['ai']
TE.02.034,['aka']
V.02.02,"['', 'aitusinká:a IIIIIII:', 'abaŕkéŕes:eŕeil', 'śeiar:bi', 'iteŕ:takan:', 'sisbibeiabin', 'a I:o I:ki I']"
TE.02.035,['aka']
TE.02.036,['aka']
TE.02.037,['aka']
TE.02.038,['akeku']
TE.02.039a,['ako']
TE.02.040a,['ta']
TE.02.041,['ako']
TE.02.042,['ako']
TE.02.043,['ako']
TE.02.044,['ako']
TE.02.045,['ako']
TE.02.046a,['aku']
TE.02.047,"['aku', '']"
TE.02.048,['al']
TE.02.049,['an']
TE.02.050,['ar']
TE.02.051,"['aŕ', '']"
TE.02.052,"['ass', '']"
TE.02.053,['as']
TE.02.054,['as']
TE.02.055,['aś']
TE.02.056,['ati']
TE.02.057,['ati']
TE.02.058,['atu']
TE.02.059,['au']
TE.02.062a,['babo']
TE.02.063a,['la']
TE.02.064a,['ir']
TE.02.065a,['balakertaŕ']
TE.02.066a,['tin']
TE.02.067,"['baśba', '']"
TE.02.068a,['ban']
TE.02.069,['ban']
TE.02.070,['ban']
TE.02.071,['ban']
TE.02.072,['ban']
TE.02.073,['bar']
TE.02.074a,['baŕ']
TE.02.075,['baŕ']
TE.02.076,['baski']
TE.02.077a,['bas']
TE.02.078a,['bas']
TE.02.079,['bas']
TE.02.080a,['baś']
TE.02.081,['baś']
TE.02.082a,['bata']
TE.02.083,['bata']
TE.02.084,['bateba']
TE.02.085a,['bateba']
TE.02.086a,['bateba']
TE.02.087,['bateba']
TE.02.088,['bateba']
TE.02.089a,['śo']
TE.02.090,['bati']
TE.02.091a,['bau']
TE.02.092,"['beka', '']"
TE.02.093a,['beko']
TE.02.094,"['beku', '']"
TE.02.095a,['bel']
TE.02.096,"['belu', '']"
TE.02.097,['bel']
TE.02.098,['beśu']
TE.02.099,['beta']
TE.02.100,"['beto', '']"
TE.02.101,['betuś']
TE.02.102a,['betu']
TE.02.105a,"['bibes', '']"
TE.02.106,['bil']
TE.02.107,['bil']
TE.02.108,['binen']
TE.02.109,['binen']
TE.02.111,['bin']
TE.02.112,"['+en', '']"
TE.02.113,['biu']
TE.02.114,['biu']
TE.02.115,['biu']
TE.02.116a,['teti']
TE.02.117a,['boka']
TE.02.118,['boka']
TE.02.119,['boka']
TE.02.120,['boka']
TE.02.123,['eki']
TE.02.124a,['eteśikeḿi']
TE.02.125,"['ieka', '']"
TE.02.126,['ika']
TE.02.127,['ika']
TE.02.128a,['iko']
TE.02.129a,['iko']
TE.02.130a,"['iko', '']"
TE.02.131,['il']
TE.02.132,['in']
TE.02.133a,"['ir', '']"
TE.02.134,['ir']
TE.02.135,"['iko', '']"
TE.02.136,['ir']
TE.02.137,['ir']
TE.02.138,['is']
TE.02.139,['iś']
TE.02.140,['kai']
TE.02.141,['kan']
TE.02.142a,['kaḿ']
TE.02.143,"['kaŕ', '']"
TE.02.144,['kei']
TE.02.145a,"['ta', '']"
TE.02.146,"['tetae', '']"
TE.02.147,['keu']
TE.02.148,['a++']
TE.02.149,['kie']
TE.02.150,['śliba:al']
TE.02.151,['kitatoio']
TE.02.152,['+kue']
TE.02.153a,['kui']
TE.02.154,['kui']
TE.02.155,['kui']
TE.02.156,['kulki']
TE.02.157,"['kul', '']"
TE.02.158a,['kuḿ']
TE.02.159,['kusi']
TE.02.161,['kuś']
TE.02.162a,['kutui']
TE.02.163,['kutuka']
TE.02.164a,['la']
TE.02.165a,['la']
TE.02.166,['la']
TE.02.167,['la']
TE.02.168,['la']
TE.02.169,['la']
TE.02.171,['la']
TE.02.172,"['la', '']"
TE.02.173,['le']
TE.02.174a,['li']
TE.02.175,"['biuŕ+', '']"
TE.02.176a,['ḿa']
TE.02.177,['ḿa']
TE.02.179,['ḿbar']
TE.02.180a,['ḿiba']
TE.02.181,['teḿi']
TE.02.182,['uḿi']
TE.02.183,['na']
TE.02.184,['ne']
TE.02.185a,['os']
TE.02.186,['oŕ']
TE.02.187a,['tu']
TE.02.189,"['sa', '']"
TE.02.191,['se']
TE.02.192a,['si']
TE.02.193a,['si']
TE.02.194a,['si']
TE.02.195,['si']
TE.02.196,['si']
TE.02.197,['si']
TE.02.198a,['su---ta']
TE.02.199,['s * s']
TE.02.200,['śa']
TE.02.201,['śa']
TE.02.202,['śa']
TE.02.203,['tabi']
TE.02.204,['boka']
TE.02.205,['tau']
TE.02.206,['tau']
TE.02.207,"['tan', '']"
TE.02.209,['taŕ']
TE.02.210,['taŕ']
TE.02.211,"['taś', '']"
TE.02.212a,"['a', '']"
TE.02.213a,['taute']
TE.02.214a,['taute']
TE.02.215a,['taute']
TE.02.216,['taute']
TE.02.217,['taute']
TE.02.218,['taute']
TE.02.219a,['tabas']
TE.02.220,['tau']
TE.02.221,['tau']
TE.02.222a,['tau']
TE.02.224,['tim']
TE.02.225,['tim']
TE.02.226,['tise']
TE.02.227a,['tiś']
TE.02.228,['tols']
TE.02.229a,['ton']
TE.02.230,['too']
TE.02.232,['tube']
TE.02.233,['tubi']
TE.02.234,['un']
TE.02.235,['aś']
TE.02.237,"['bo+', '']"
TE.02.238,"['+i', '']"
TE.02.239,"['kutu', '']"
TE.02.240,"['tin+++', '']"
TE.02.241a,['o']
TE.02.242,"['slbe+', '']"
TE.02.243 = TE.2.235,"['aś', '']"
TE.02.244,"['u+', '']"
TE.02.245a,['aa']
TE.02.246,['aa']
TE.02.247,['aa']
TE.02.248,['aa']
TE.02.249,['aa']
TE.02.250,['aa']
TE.02.251a,['ba']
TE.02.252,"['baa', '']"
TE.02.253,['koa']
TE.02.254,['koa']
TE.02.255,['koa']
TE.02.256,['koa']
TE.02.257,['lke']
TE.02.258,['lke']
TE.02.259,['lke']
TE.02.260,"['ln', '']"
TE.02.261a,"['ln', '']"
TE.02.262,['lns']
TE.02.263,['ls']
TE.02.264,['ls']
TE.02.265,['lti']
TE.02.266a,['bo']
TE.02.267,"['ḿs', '']"
TE.02.268,"['ḿs', '']"
TE.02.269,['ḿti']
TE.02.270,['nl']
TE.02.271,['nl']
TE.02.272a,['nḿ']
TE.02.273a,['be']
TE.02.274,['oa']
TE.02.275,['oa']
TE.02.276a,['sn']
TE.02.277,['sŕ']
TE.02.278,['ss']
TE.02.279,['śn']
TE.02.280a,['o']
TE.02.281a,['n']
TE.02.282a,['ba']
TE.02.283a,['be']
TE.02.284a,['be']
TE.02.285a,['tutu']
TE.02.286,['u+']
TE.02.287,['baboŕote nbotenin']
TE.02.288,['aibekeŕeś']
TE.02.289,['boka']
TE.02.290,['eskeŕ']
TE.02.291a,['etaute']
TE.02.292,['kalta']
TE.02.293,['keno']
TE.02.294,['bateba']
TE.02.295,['oto']
TE.02.296,['aś']
TE.02.297,['au']
TE.02.298,['ban']
TE.02.299,['ne']
TE.02.302,['tai']
TE.02.303,['tai']
TE.02.304,['tai']
TE.02.305,['taŕ']
TE.02.306,['boe']
TE.02.307,['lś']
TE.02.308a,['baśtaŕtine aiuneskeŕ']
TE.02.309,"['antu', '']"
TE.02.310,['an']
TE.02.311a,['ta']
TE.02.312a,"['baŕboŕ', '']"
TE.02.313a,['baŕboŕ']
TE.02.314a,['baŕur']
TE.02.315a,['baśn']
TE.02.316a,['nḿ']
TE.02.317a,['bateba']
TE.02.318,"['belenos', '']"
TE.02.319,['belenos']
TE.02.320,['bie']
TE.02.321a,['biti']
TE.02.322a,['ekośonar']
TE.02.323,['biuŕ+']
TE.02.324,['ekośonar']
TE.02.325a,['iko']
TE.02.326,['ikusau']
TE.02.327,['is']
TE.02.328,['kaŕ']
TE.02.329,['kotaba +']
TE.02.330a,['kun']
TE.02.331a,['kun']
TE.02.332a,"['le', '']"
TE.02.333,['oti']
TE.02.334,['tanl']
TE.02.335a,['taŕ']
TE.02.337,['tasbarikibaś']
TE.02.338,['taś']
TE.02.336,['taŕ']
TE.02.339,['taute']
TE.02.340a,['ar']
TE.02.341,['tau']
TE.02.342,['tikaḿi']
TE.02.344,['ua']
TE.02.345,['uba']
TE.02.346,['uba']
TE.02.347,['ls']
TE.02.348,['ls']
TE.02.349,['ns']
TE.02.350a,['sl']
TE.02.351,['śŕ']
TE.02.438,['abar']
TE.02.439,['an']
TE.02.440,['ati']
TE.02.441,['bai']
TE.02.442,['bal']
TE.02.443,['bar']
TE.02.445,['keŕ']
TE.02.446,['ol']
TE.02.447,['os']
TE.02.448,['si']
TE.02.449,['taba']
TE.02.450,['taś']
TE.02.451,['aa']
TE.02.452,['oa']
TE.02.453,['bakina']
TE.02.122,['bos']
TE.02.018b,['ko']
TE.02.024b,['abo']
TE.02.024c,['be']
TE.02.026b,['ke +']
TE.02.027b,['l']
TE.02.028b,['ḿ']
TE.02.029b,['l']
TE.02.039b,['si']
TE.02.040b,['ako']
TE.02.046b,['u']
TE.02.062b,['ota']
TE.02.063b,['i']
TE.02.063c,['bako']
TE.02.064b,['bai']
TE.02.064c,['l']
TE.02.065b,['to']
TE.02.066b,"['balte', '']"
TE.02.068b,['tan']
TE.02.074b,['tu']
TE.02.077b,['u']
TE.02.080b,['a']
TE.02.082b,['tan']
TE.02.085b,['bateba']
TE.02.089b,['tu']
TE.02.089c,['bati']
TE.02.091b,['tan']
TE.02.093b,['e']
TE.02.095b,"['belḿ', '']"
TE.02.102b,['il']
TE.02.105b,['ban']
TE.02.105c,['ba']
TE.02.116c,['bas']
TE.02.116b,['bokau']
TE.02.117b,['keka+']
TE.02.124c,['ki']
TE.02.124b,['r']
TE.02.128c,['be']
TE.02.128b,['ba']
TE.02.129B,['be']
TE.02.130b,['be']
TE.02.133b,['s']
TE.02.142c,['ta']
TE.02.142b,['nba']
TE.02.145b,['ken']
TE.02.153b,['+i']
TE.02.158b,['kuḿ']
TE.02.162b,['oŕ']
TE.02.162c,['oŕ']
TE.02.164b,['te']
TE.02.165b,['la']
TE.02.174b,['bo+']
TE.02.176b,['taŕ']
TE.02.180c,['s']
TE.02.180b,['ir']
TE.02.185d,['ś']
TE.02.185c,['ne']
TE.02.185b,['si']
TE.02.187b,['oto']
TE.02.198b,['ta']
TE.02.212b,['tata']
TE.02.213c,['tu']
TE.02.213b,['baboe']
TE.02.214b,['babo']
TE.02.215b,['be']
TE.02.219b,['tau']
TE.02.222c,['i']
TE.02.222b,['a']
TE.02.227b,['be']
TE.02.229b,['ŕ']
TE.02.230b,['be']
TE.02.231b,['i']
TE.02.241b,['++']
TE.02.245b,['ta']
TE.02.251d,['bo']
TE.02.251c,['baa']
TE.02.251b,['l']
TE.02.261b,['i']
TE.02.266b,['ltu']
TE.02.272b,['i']
TE.02.273b,['nḿ']
TE.02.276d,['bo']
TE.02.276c,['ba +']
TE.02.276b,['s']
TE.02.280c,['a +']
TE.02.280b,['l']
TE.02.281b,['a']
TE.02.282b,['ti+']
TE.02.282c,['+']
TE.02.283b,['tu']
TE.02.284b,['+']
TE.02.291b,['etaute']
TE.02.308b,['taŕ']
B.41.08,['toke+---']
TE.02.311b,['aŕ']
TE.02.312d,['tu']
TE.02.312c,['te']
TE.02.312b,['te']
TE.02.313b,['baboŕa']
TE.02.314b,['tatako+']
TE.02.315b,['iko']
TE.02.316d,['tebi']
TE.02.316c,['bate']
TE.02.316b,['beu']
TE.02.317b,['beiko']
TE.02.321b,['sś']
TE.02.322c,['biuŕtaneke']
TE.02.322b,['ako+ŕ+']
TE.02.325b,['ka']
V.06.003,['']
TE.02.330b,"['be', 'n I I', 'n I I I']"
TE.02.331b,['ss']
TE.02.340b,['tau']
TE.02.078b,['bas']
TE.02.194b,['A']
TE.02.208,['tan']
TE.02.332c,"['le', '']"
TE.02.462,['ai']
TE.02.463,['os']
TE.02.454,['abaio']
TE.02.455,['la']
TE.02.456,"['', 'ui', 'l']"
TE.02.464,['l']
TE.02.466,['ko ko']
TE.02.457,['al']
TE.02.458,['+:o']
TE.02.460,['+ui']
TE.02.086b,['bateba']
TE.02.285b,['tutu']
TE.02.465,['aboki']
SP.01.07,['++sin?le-binkor:iuśti?:tarbinbaleś:kooo:aŕakotaŕ-laŕ:aianetin?+talabin:ireba:aś?:sinbitai:aia-eia:boa:bíDkín:selkí:-eśeśanbiabiHkaŕes?en']
CS.02.02,['+ututer']
CS.02.03,['kike']
L.17.01,['-ŕtilakó:istikanir:ibeŕtaneś:oŕtin+keŕ']
MU.06.03,['+el']
AB.02.01,"['', '+biśba?is?ka?', '']"
T.06.11,['lauŕtao']
AB.01.01a,"['kokaŕ', 'karekar:se kí ?f ker:lukeśiŕ:akailtir ?f kerai:ir++riatuiaś', '']"
V.21.01,"['A', 'a tu-++aaki+--iitidioo', 'A', 'b ++bol', 'A', 'a', 'kigiúutodo---', 'A', 'a', 'ŕŕkigiúutodo+--', 'A', 'b', '+ga++++tadatedeeekugu', 'A', 'b', '+datatedeeetudukugu', '']"
AB.01.02,['aiberon:ebaaren : betiaŕ']
AB.01.03,['aitur kí nbetiaŕka']
AB.01.04,['aitur kí n : bitiaŕ']
AB.01.05,['koniltiraŕbitiaŕ']
AB.01.01b,['iltirtikeŕki:tibanin:kokaŕ']
AB.01.01c,['betiaŕinaŕ']
AB.01.01d,['aibeloraŕ:betiaŕ']
A.02.01,"['+ŕbinu+', 'teia++']"
A.02.02,['se']
AB.07.01,"['aiun', 'ikarbia']"
AB.07.02,"['śtulai', 'aen']"
V.17.01,[':? v rkibea']
SP.01.04,"['+ I I I o I I', 'ibeś --- o', 'I I I I kí I I I I ------- a', 'I I I I I I I ----- an+', 'aśota', 'a++ I I I I I I I ----', 'iŕ --- bi', '----- ikoil', 'a I o I']"
MU.05.01,['a+++kabire']
MU.04.01,"['iuntegen:e', 'sakaŕbeś:sos', 'lagutaś:kebes+', 'isgenus:andinue+', 'taŕikedelbabineditaŕke+s+---+ŕik', 'sabaŕbasdeŕik:bidedenedesbesanelas:', 'ikbaidesuisebartaśaŕtiduŕagunan', 'nela:ebanalbasusbeliginela', 'biandingorsanlenebarerbeigulnaŕerganikbos:']"
A.04.11,"['', 'n leis', 'n ś']"
AB.04.01,"['ati ?f uia+iskeunir:tinkan:berśtano+ ?f a', 'ś+sebatitaŕ:? itan+aŕ']"
A.06.01,['kuleśtileis']
A.06.02,['taŕtinskeŕ']
A.06.03,['+uki']
A.06.04,['si']
A.09.01,['toḿbaŕ']
A.09.02,['+i']
A.04.12,['gud+']
A.05.01,['balkar']
A.08.01,['+ldiŕtige+in']
A.08.02,['ninaŕen :']
A.08.03,['atal']
A.08.04,"['bal', 's']"
A.08.05,['leitigeur']
A.08.06,['aŕst']
A.08.07,['utiś']
A.08.08,['ito']
A.08.09,"['ia', 't']"
A.08.10,['ŕti+']
A.08.11a,['ai']
A.08.12,['ia']
A.08.13,['la']
A.08.14,['ta']
A.08.15,['ia']
A.08.11b,['saka']
A.08.16,['ś']
A.08.17,['ua']
A.08.18,['ag']
A.08.19,['s']
A.10.04a,['ACOS']
A.10.01,['ati+ŕiltirta']
A.10.02,[':kaiaka:']
A.10.04b,"['+LSAILACOS -', '- ELSADINI:COR -', 'ESCRAD---+ -']"
V.17.03,['auba']
V.17.04,['ina+']
V.17.02,"['', 'śeliŕ:ututa:baśiŕ:tarakar', 'nki', 'otalauki ? ?f ŕ:siel :?rikan', 'etaDŕeŕ:sosintikeŕka:nanban', 'baneśarikan :etaŕ urketiikeŕka:e ?f tiDŕ:laki', 'saltulakokia kí', 'n', 'berśiŕka kí', 'nartakerka kí', 'n? l ? śtautinka kí', 'nberśiŕka a o', 'n kí', 'n', 'biurtakerka kí', 'n?a Dltirka kí', 'nsaltulakokia kí', 'nsaltulakokia o', 'n', '? beronka kí', 'nberśiŕka o', 'nsakarbaśka kí', 'nberśiŕka ki', 'naituar kí kia kí', 'n', 'kaniberonka kí', 'nbiuriltirka kí', 'ns ? kelka kí', 'nbiurtakerka kí', 'naituar kí ki a kí', 'n']"
V.19.01a,"['ś:ar:ta', 'kobin++s+', '+tis++']"
V.19.01b,"['as:arbeiluś', 's+:ikonbe:aras', '++ :kaś++r:']"
A.04.04,"['uŕkeskeŕ:o', 'iltunbaŕa', 'ler:teŕki', 'n :iltiŕ']"
A.04.06a,"['sakalakúka:a I:o I kí I', 'sikétaneśka :o I I I I I I I I', '']"
A.04.01a,"['', 'iŕike:orti:gaŕokan:dadula:baśk:', 'buiśtiner:bagaŕok:sssX<:tuŕlbai', 'luŕa:leguśegik:baseŕokeiunbaida:', 'uŕke:basbidiŕbartin:iŕike:baseŕ', 'okar:tebind:belagaśikauŕ:isbin', 'ai:asgandis:tagisgaŕok:binike', 'bin:śalir:kidei:gaibigait:', 'sakaŕiskeŕ', 'arnai:']"
A.04.03,"['si+++++:++---+', 'baidesir:bilosg+', 'ŕe:biosildun']"
A.04.07,['ab--- v ilikeŕ']
A.04.08,"['iŕ', 'k', 'eŕe++', 'deloŕ+', 'toildi++', '+la++ŕna+', 'oikidiu', '+alega']"
A.04.06b,"['sakalakúka:e:kíbaskítar:o I I I I I I:kí I I', 'o I I I I I I I I', 'kí I kí I I', 'a I I I I I I']"
A.04.01b,"['iunstir:śalirg:basiŕtiŕ:sabaŕi', 'dai:birinaŕ:guŕś:boiśtingiśdid:', 'seśgeŕśduŕan:sesdiŕgadedin:', 'seŕaikala:naltinge:bidudenin:ildu', 'niŕaenai:bekoŕ:sebagediŕan']"
A.04.05,['basibeś:kaba']
AB.07.05a,['aitikeltunki:iunśtiŕ:bekor:salbitas:otiroketa:banota kí an']
AB.07.05b,['iskeriaŕ']
A.03.01,"['', 'ei-----bas', 'to----n tiŕte:iunstirika:s', 'tetena seiunstir+', 'iunstir:ban takitin:', 'biterokitin śinti', 'eaiŕitiunstir tin:ban', 'sabakiti', 'i---------i---:śalir', 'ŕti', 'iti', 'iba:isbini-----ke', 'sbaka']"
TE.05.06,['kutuInḿbaŕbianer']
TE.05.07,"['ośanbaśaruśtiŕ', '']"
TE.05.08,['aŕbiśaren']
TE.05.09,"['iltúrbilosenḿi', 'iŕ', 'to']"
TE.18.01,"['seltarbanḿi', 'bas--beŕuneni', 'bastobaśorenḿi', '--babe--berbee', 'ḿi']"
CS.22.01,['lkers']
T.04.01,['leibiuŕ']
CS.23.02,['ita']
V.04.59,"['i---', '---']"
AB.05.01,['biltiii']
TE.11.01,['a']
TE.11.30,['a']
TE.11.09,['ta']
TE.11.22,['to']
TE.11.03,['+ balti']
TE.11.28,['ban']
TE.11.21,['ton']
TE.11.20,"['ebaΛSΠIIIΙ', '']"
TE.11.17,['la']
TE.11.05,['lti']
TE.11.29,"['', 'o', 'ka', 'kika']"
TE.10.01,['batu']
Z.15.01,['aloŕ tikis']
Z.15.02,[':eka:']
Z.14.02,['boka I I I I']
TE.06.01,['oŕtintuḿbarsar']
TE.06.02,['+ebantin:kelsekite:iusti---tir:bankite']
TE.06.03,['kaikotekulsenkite:ś+']
TE.06.04,['tautinkonḿ']
TE.06.05,['lakueŕterḿi']
TE.06.06,"['lakeitor', 'ti', 'ti', 'lake']"
TE.06.07,['+lbi+']
TE.06.08,['ḿku']
TE.05.01,['eikeboŕenḿiekuan']
TE.05.02,['il']
TE.05.05,['bim']
TE.05.04,['arbiśkaŕ+']
TE.16.01,['bil']
TE.16.03,"['', 'uŕkeatinḿ+balkar kikalka', 'iltuneśkerkośkokaś+ iśaŕkatan']"
TE.19.01,['ikonḿkeiḿi iltubeleśeban']
TE.19.02,['ta+++++ŕḿi']
TE.19.03,['śḿi']
CS.05.01,['sakaŕbeta nḿi']
TE.15.01,['kalunseltar']
TE.14.01,['ukunban']
TE.11.23,"['kakiba', 'ta']"
TE.11.24,['ur']
TE.11.25,['aiunin']
TE.11.26,['śi']
TE.11.27,['kiba']
Z.16.01,"['ośortaŕbanen', 'siltariaribeŕ', 'ariŕebore tar++', 'eśabe']"
Z.16.02,"['tu', 'ŕkebe']"
SP.01.05,['aŕketuŕki :']
TE.09.01,['baŕkeiar']
TE.08.01,['niśtan']
TE.11.15,"['', 'n ban ka', 'n ta']"
TE.11.16,['ban']
V.22.01,['aŕkeikelbesteekiarte']
SP.01.06,"['tasbin:', 'tialtu']"
CS.03.01,['ŕśtólká']
CS.01.01,['--kośoŕtin']
CS.01.02,['taŕbanikoŕ ḿi']
CS.01.03,['sosintakeŕ']
CS.04.01,['+ekakeŕikoŕḿi']
CS.08.01,['nbataŕslakúśḿi']
CS.08.02,['kúleś']
CS.08.03,"['balabekon++', '']"
CS.11.01,"['iltiŕbikis:', 'en:seltar:', 'ḿi', '']"
CS.14.01,"['ḿbaŕtiaikís:abaŕieikíte:sinebetín:uŕkékéŕeŕe:auŕunibeikéai', 'astébeikéaie:ekáŕiu:atúniu:botuei:baitéskí:ekúsu:sosinbiuŕu', 'boŕbeŕoniu:kośoiu:baiteskí:beŕikaŕsense:ultítékeŕaikase:', 'aŕkitíker:aikas:balkébiuŕaies:baitésbaniekáŕse:']"
CS.18.01,"['', 'iunstir:beleśaiŕ:kaŕkośkar:bastaibaitieba:balkélakośka:bitetui:bar+', 'iunstir:ekiartone:beleśtar:senḿrun:etesilir:iunstir:etetur', 'śaner:buranalir:bitan:a+ vacat tauti+', 'vacat biten', 'balkélakú']"
CS.19.01,['se']
CS.21.03,"['biuŕtikí:túskítar:', 'a I o IIII:beleśbiŕeto', 'ŕosair:baitésir', 'kaeśakím']"
CS.21.04,"['', 'kaka', 'n', 'ban']"
CS.21.05,"['iŕe:bototaś:bitébakiŕśbane:baŕenḿliki:antinḿlitútúŕane:aŕikáŕ:sekén', 'iusu:atilebeiu:lauŕiskéŕkáté:banḿliŕbaitúŕane:káisanḿliŕbaitúŕa:nei', 'tailiniŕe:kútúr:bitéŕokététine:eŕatiaŕe:kókor:tauebartiaté:aŕikáŕbinḿlikise:', 'iunstirlakú:bototaśeai:selkéaibartúneai:unibeikéai:aneŕai:unibeikéai:iu', 'nstirlakú:uskéiké:bototiki:kéietisiaténse:uśtalarilune:banḿiŕeśu-', 'lu:bitiŕokébeténse:uśkéaneŕlati']"
CS.21.06,"['stir:atúne-nisoŕbarai:oŕtita+', '+iké:uskéiké:iustir:aneŕ:iustir:', 'tir:bototaśeiké:uskéiké:iustiraŕeli', '++ne:śalir:oŕkéiabaŕa--i', '++---++']"
CS.21.07,"['', '+:iunstir:atúne:baŕbinkéai:uskéiké:iunstir-+aŕ--', '+', ':bototaśeai:selkéaibartoneai:śanikéai:uskéiké:auŕuni', 'beikéai:aneŕai:śanibeiŕai:leitaśeai:bototaśté:bantakíkia', 'ŕatité:isai:iltúrsaiŕsai:aŕikaŕbinisai:borarnḿl', '++-aŕebinise:kálaisebakáŕatúŕane:itaŕartétaŕa:aśti', 'ebakáŕatúŕane:iunsirḿi:beleśakineai:káŕestareai', 'ton:bataŕatité:uskéikéai:siai:kéitiatélu:akíniŕté', 'se:iakikinuŕe:basiaukékú:kúŕsiaukéku', 'aŕine:itikéreutéti:belaiké:baseŕḿlbe+', 'aŕeŕe:kútúboiké:basbitéŕokétine:iŕiká:', 'iunstiriká:śelkiniustai:iunstir:baŕbin', 'uskéikéai:iunstir:lakúnḿiltiŕte:', 'atabeŕai:anḿbeŕai:uskéiké:iunstir']"
CS.21.08,"['', 'iskéniuská a II', 'kébelsilun--eikú', 'baitési:abars+riu', 'baŕstintiké+iu', 'sosinbelská:o III', 'kébelsilunin', 'bokú']"
CS.20.01,"['', '+eté :las+++asoŕtina', 'a']"
V.04.01,"['aŕe:take', 'aiunibaiseate', 'teban:a']"
V.04.02,"['leiske+', 'balkarkiebe', 'banekis:iŕa', '+']"
V.04.03,"['balkeatin:isbeta', 'ŕtiker:ebanen', 's---+--ikea']"
V.04.04,"[':ianbin:', 'bekon:e']"
V.04.05,['tiker:ebanen']
V.04.06,"['aŕetake:sikeun', 'ineban:neŕ', 'eiltun:+']"
V.04.07,"['isebel++', 'intebele+']"
V.04.09,"['lako+', '+:']"
V.04.10,"['olortikirsbe', 'ŕian:ḿitikirs', 'eni:eterintu']"
V.04.11,"['neŕseatin', 'balkeatin:e']"
V.04.12,"['nersiatin', 'balkeatintae']"
V.04.13,"['isbataŕis', 'sere+e+', '>IIIIeriri+']"
V.04.14,"['n:kate:talsko', '+ś :arḿi talsko', 'ḿise-ir+']"
V.04.15,"['luin', 'balken+', '++']"
V.04.16,['eiltul++']
V.04.17,['karbaniśkér']
V.04.18,['ebaiki']
V.04.19,['kilo']
V.04.20,['oŕ+']
V.04.21,['kie']
V.04.22,['la']
V.04.23,['la']
V.04.24,['uka']
V.04.25,['arskoŕoiteniśuniar']
V.04.47,['tébil']
V.04.49,['iltúbokontetu++ar']
V.04.27,"['eŕtoa', 'kaukoŕ']"
V.04.50,"['', '-uŕbokon---+', ':baisuka---esite---']"
V.04.28,"['', '+aś---bo++', 'aise:tanban', 'ŕsie:botu', 'i:aiunin', 'aneŕ', '+---++', 'n:borta', 'ŕ:banete']"
V.04.51,['ultibaisertékaukoŕ']
V.04.52,['uŕ']
V.06.005,['es: iŕbetu++ti+']
V.06.006,"['--+i biten', '---en', '+tita', '-ŕekataŕti', 'nḿuŕ--ti', 'ikasunin', 'kiŕ:inabaŕ-', 'eśkertiban-', 'biŕetaunin', 'bibakon:tiei+', 'LII']"
V.06.007,['']
V.06.008,"['', '+baserté:bonantíté:nḿbaŕte:bortébara:káŕesirteekiar:banité:kaŕ', '+irten', '+tín+', 'boi:ban', 'ekiar', 'n kaŕestabikíŕ', 'ebiŕtéekíar', 'olekáŕkóeki', 'oŕotis:', 'n káŕbi', 'bébér', 'bélar:ban:iŕ', 'ban iŕ', 'elbébébébébér tíbiserbaśtibaa', 'bankutúriŕaker', 'uŕkébas', 'taŕa', '+banḿibae: śai +nboutin']"
V.06.009,['ebiŕkiśaleikukitekial+-iŕkeiabaŕiekitenoŕakaŕkuta++ŕekirulkersibertekitete']
V.06.010,['bankuŕs:kaŕesbanite:ekiar:saltutibaite:iumstiŕ:toli--tane:basśumitatiniŕe']
V.06.011,['kiskeŕ:ekiar:bankebeŕeiḿbaŕ-:baltuśer:ban:']
V.06.012,"['ko--s', 'tuśerti', 'ai bas kuekiar', 'kemiekiar', 'tataŕ']"
V.06.013,['rbankusekiar:biuŕtite+---+besuninkuekiar ḿbaŕkuśbanḿbaŕkuś']
V.06.014,[':baltuśer:bante:kus+']
V.06.015,"['eŕiar:bankuŕs:aitulkikute:na+', '+tunika']"
V.06.016,['bitinba:baniteḿbaŕ:ban:eŕeiskoltur:niśunin++']
V.06.017,"['eŕieun', 'ne:benebetaner:iums', 'ane', 'abaśba+']"
V.06.018,"['', 'kutur :oisor', 'śś']"
V.06.019,['śaku s tiko']
V.06.020,['aŕkibeśa---+ḿi']
V.08.01,"['baiśe+', 'onos', '']"
V.04.53 = V.04.50,['esite']
V.04.54,"['tibi', 'uko', 'ir']"
V.04.55,"['koite', '']"
V.04.56,"['tu', 'be']"
V.04.57,['koba']
V.04.58,['tu']
V.06.087,['boba']
V.06.088,['bar']
V.06.089,['kar']
V.06.090,['na']
V.06.091,['ban']
V.06.092,['bo']
V.06.093,['la']
V.06.101,['tor']
V.06.094,['e']
V.06.095,['a']
V.06.096,['a']
V.06.097,['bal']
V.06.098,['lta']
V.06.099,['u']
V.07.09,"['biśśkatiteśk', '']"
V.07.10,['n']
V.03.01,['nauiba']
V.06.004,['i']
V.11.01,"['la', '+', '']"
V.12.01,['likine']
V.12.02,['ban']
V.12.03,['i']
V.12.04,['ḿba+']
V.12.05,['baś']
V.18.01,"['iltuŕka', 'iśkeasko', 'ebantibinke XXX', 'e+', '']"
CS.06.01,['tu']
CS.06.02,['bo']
CS.18.02,"['+loŕsin', 'ŕe:aŕikalerka', 'tibaś:eŕtois :a', 'lakúsekén', 'osintiba', 'túi']"
GI.21.01,['baika']
CS.07.01,['bastokitaŕ']
CS.23.01,['rabaḿ']
CS.13.02,['lti']
CS.13.01,['ḿbala']
CS.16.01,['neŕsetikantekiarḿi']
CS.21.01,"['', '+ŕkértalirbi', 'ŕeŕ sabaŕi', '+iŕan+-a', '+nśalirbiteŕ', 'nanabekáte biteŕ', 'ketanbale uś', 'ŕokétan', 'n', 'baŕ', '-++-taŕ', '-+i++bans', '+bi+ŕoketan']"
A.08.21,['śarg']
V.01.01,"['ḿskebabassba', 'baisetaśiltutaśeba--', 'nḿiseltarbanḿi', 'beŕbeinarieukia', '-ḿikatuekaśkoloite', 'kaŕieukiarseltarban', 'ḿibasibalkarḿbaŕḿi']"
V.05.01,['biuŕbe']
V.14.01,['batu']
CS.21.02,"['', 'bikirtibaśki:śalbi+-a', 'ra-+tin', 'birlako:irśtiŕ:ia', '+tin:ś ? akarna+']"
CS.17.01,['renḿi']
V.02.01,['ŕiarban']
CS.12.01,['iteŕlu']
V.16.01,"['', 'bekoiiltun:', 'soribeis:', 'uŕkaŕailur:', 'tueitikeiltun:', 'ikoŕiskeŕ:', 'otoiltiŕ:', 'selkiśkeŕ:', 'otokeiltiŕ:', 'iskeiltun:', 'selkiḿiltun:', 'IIIIIIIIIIIIIIIIIIIIII', 'baisetatie']"
V.09.01,['+si']
V.13.01,"['', 'labeisiltúniŕ:abirkákie', 'niŕ:koroiekérs:teŕkékineŕtin', 'iku:kauniste:anbośiltúnu', 'baiseltúnu:te:ukalkébars:belaikéberta', 'se:kaliśkase:ebeŕeiké:erkunin+', 'ŕeskinaké:uŕi:eŕkubete:ḿŕiŕkinu', 'ŕe', 'ka---ibaŕ', 'n---kas---kaires', 'nai---beŕbisitir', 'bieite+niŕ---atale---berta', 'e---ta', 'n---r---aŕ--ekaba+bete--ŕin', 'irsba---sankoseśuŕ:oe II', 'śalir:labeisiŕ:kébelkaiŕa:kiteibors:kul', 'eśbelauŕte:borariku:esasikua:etaŕe', 'e rtikétorkaliśali:bale:V-:oŕtine', 'r---śalir', 'n---ai---oter', 'orteŕire', 'rtertin---bon', 'itina---atobaŕ', 'bakaśan', 'staliŕkinu+i', 'u', 'r---ituibelauŕ', '+', 'kekuleśbelauŕte:satiŕa', 'lauŕbertontebitarśte:esatiŕan:', 'kortiaśalir:tiaiteku:selkiososinkas', 'teesan:VI:bekonkine:aŕesa:baśir:aŕeka', 'iŕan:lakeiśei:bieikate:ustariké:la', 'suŕ:atúlakéibors:lasiŕa:lau', 'ŕbertonar', 'kutelku']"
V.13.02,"['', 'beŕtekéŕariku', 'kalirbitarsteti+', 'lauŕbertonar:LI', 'kéltibeleśkakutitúku', 'lu:n:baśir:kuŕu+', 'r:bale:LΠ IIIII', 'lauŕbertonarikutitú', 'śorlakuḿiuneri', 'berter:kéltibeleśkas', 'anaterter:balelau+', 'ir:kalśoserer:i', '++rkalira', '+arta+', 'ilurka:ki:II:eIIIIII', 'ka:V:IIIV-:bekonteké', 'le:iluntorka:', 'ka:V-:bale:eteitor:', 'inka:eIIIII:aŕkisosinka', 'kisinka:balkéniuska:', 'kakutiaitetú:V-eIIII', 'ŕtibanben:śaltirste', '+akéiśei:tautinko:ŕś: +', 'rtiku:śaŕ:tabaiben:V-e', 'balkétaś:be', 'nkoka:akariśalir:VLI', 'tibeleśka:akariśalir VII', 'balkétaś']"
V.13.03,"['', 'lauŕbertonte:aŕs--+-ŕetie', 'śanikokaku:+latuneitin:tatúten', 'Π I-:kaurban:VL:tóretin:VL:bale:lelaure', 'ti:n:VL Π I śaliunibars:eŕkiŕs:iata', 'iŕiteŕka:V:kueaile:ke:I L Π', 'baiseltúnkaku+kuaitekun', 'asaŕunki:e IIII', 'ultitarebaśir:enbetiŕabekuniueŕku', 'nl:IIII', 'I:IIII:baiseltúnebaśiren', 'baśurbiśisa :II', 'nebetu', 'eś osi', 'atuabe', 'iŕbal', 'ailti', 'śa', 'iskeŕ', 'eteiltuŕ', 'koŕkoanetabebeŕtisutanbirtebir', 'bisatialate abatekir', 'unteŕkastúlir iskebekotue--nkeŕo', 'steŕsituoitesnarar:keltibeleś', 'belsosin:l', 'nitekastúlir:keltibeleś i te', 'na:i+be+skéŕekéiŕbaśa be---nti', 'abaŕtir:teskebaites:nauŕa:leiskaŕsa', 'ibaŕ:baŕkataŕar:oŕtin:unikateŕ', 'tibeleś:aŕkisosin:tautintarban', 'kasbi--+tonetiaitebenśalir:n', 'kabaso iś', 'tibeleśtelokiŕ:baśur:eŕeko', 'túśertíetakatoŕśei---kite--ŕaŕeśaliner', 'ŕ:baśirerter--irla---iketor--kairsba', 'VΠY ate te---ur:keltibeleśte-ŕibas---te:baśta', 'teŕ- bal---te---alate:-ki-etiśelekaŕ:taban', '-rokila-ala:keltibeleśla alate i', 'aurtulokin---alate sutankébiur---nu', 'túenśuśun su ir', 'beikiar---r alate:keltibeleśte:baśur:', 'barikoŕtaŕikoŕtastena baitikoŕeba:oŕtor:V:C:n--ke', 'ké:kéltibeleśte']"
V.13.04,"['', 'bankustin tetin', 'arḿi', 'l---iobe--e']"
V.13.05,['aber']
V.13.06,"['', 'tukala ś', 'kaW', 'ko-kiaW']"
V.07.01,"['', 'bilosiunteśalir', 'eka:ka IIIIIIIIIII elerte', 'r:śalirbosita:śalibos', 'nkantobante:inbeleténe', 'itaekanete:śalir ka IIIIIIIIIII:', 'tibanteba:śalibos:eténbilos', 'śtentíste:aŕabaki:bóbaitinba', 'kanekaśalir:ká IIIIIIIII', 'ba:iuntíbilose', 'tinba:baŕer:śalir', 'ita:śalibos:eteŕai', '+aŕakaŕer:bobaitinba:', 'ir:túntibaŕte:bobaitinba', ':śalir ká IIIIIIIIIIIIIIIIIIII:']"
V.07.02,"['', 'sakáŕatinte:iuśtir:baŕbinke:bantakon:atu+', 'taŕati:ultitar:setalikéan:téśibiteruka+', 'baśuikán:bakaraḿi:sekébitérosan:śuśu', 's:atun:bitirebabośin:ineḿuki:kitibabiŕbete', 'betukineté:iuśtir:atúŕte', 'bou']"
V.07.03,"['', 'iuśtir', 'ike:uske', 'toa:Π', 'ŕbinke :u', 'nke:uskei', 'ebitu+']"
V.07.04,"['biloste', 'keŕana', 'ta +', 'ban', 'a', 'ta +']"
V.07.05,"['bika++:ilkun:', 'iltuŕ']"
V.07.06,['te:isśaletar:aten+']
V.07.07,['balkarte:ekiar+']
V.06.029,['iarban:bastesiltiŕte']
V.06.026,['+ban:unskeltekiar:ban:']
V.09.02,"['', 'bekoŕabaŕ II---', 'ko']"
V.20.01,"['śanos:seltaŕs:anbaiaŕ:elibors:ati+', 'isa+ltia III', '']"
V.10.01,"['+arnukikeba ---l', 'lisabotiŕkasete+---kila', 'euraŕketekosirkaisan']"
V.04.32,['kitau']
V.06.081,['iar:']
CS.13.03,['slki']
CS.21.11,"['', 'iataai iata', 'iḿa']"
MU.01.02,['kaŕb']
SP.01.03,"['beloŕtin', 'beśośtur', 'in kiśu', 'keŕ IIIŕte', 'ki+lr']"
V.06.021,"['baltúś', 'biteḿbaŕ+', '+ŕboionu+++']"
V.06.022,"['kus:bekoniltiŕ+', 'ibesala+']"
V.06.023,['abartanban:balkeuni']
L.13.02,['abi---']
V.06.024,['eŕiar:ban:balkebe+']
V.06.025,['ibaraibante eŕiarban:bai']
V.06.027,['unis-ltekiar:kinsi']
V.06.028,['+:baśbaneutarḿi+']
V.06.030,['ar:teḿbaŕese:bani+']
V.06.031,['teḿba+---bante:bantibate']
V.06.032,"[':tolí+ká+ki+erkúsi', ': tolírbitaneborkúsi']"
V.06.033,['benebetaner:unsir:+']
V.06.034,['+kiekon:ekiaku']
V.06.035,['asete:atirtikíki']
TE.02.469,['kutuki']
V.06.036,['istoś+---+inḿbaŕ']
V.06.037,"['tetutin:antoŕba+', 'en:toŕos+']"
V.06.038,['suniśanibanite']
V.06.039,['e:tuitui+']
V.06.040,['+++baŕe:kutur+']
V.06.041,['te:oisor']
V.06.042,['+:eneki']
V.06.043,[':iltiŕ']
V.06.044,['ŕelaŕte:e']
V.06.045,"['beŕ+', 'nite:abaŕ']"
V.06.046,['taŕbariniŕ:+']
V.06.047,['nlesar:e+']
V.06.048,['okumbetane:']
V.06.049,['+iar:ba+']
V.06.050,['+utibaite']
V.06.051,[':abartanban:ete']
V.06.052,['śbaniŕ:']
V.06.053,['kebaiŕate+']
V.06.054,['saŕesu+']
V.06.055,['bokúsil']
V.06.056,['+kase:']
V.06.057,['+iban:ba+']
V.06.058,['tibaite:']
V.06.059,['iti']
V.06.060,['unina']
V.06.061,['nieki']
V.06.062,['ituba+']
V.06.063,['taŕar']
V.06.064,['+arbo']
V.06.065,['a++']
V.06.066,['rbo']
V.06.067,['aḿ+']
V.06.068,['+++be']
V.06.069,['eŕ+']
V.06.070,['ir']
V.06.071,['bane']
V.06.072,['in']
V.06.073,['ni+']
V.06.074,['+i+']
V.06.075,"['+++a:baseŕke na:tusbanbase', 'ia']"
V.06.076,"['bainakarkaśar', '+e', '++ ir']"
V.06.077,"['+++rbante-kiarbaniḿbaŕe', 'banebar']"
V.06.078,['s:tana']
V.06.079,['bee']
V.04.31,['ku:eba']
V.04.40,"['+++e+++', 'i++++ś']"
V.04.41,['+te']
V.04.42,"['n', 'i+', '+']"
V.04.43,"['n', '---']"
V.04.44,"['lte', '+', '---']"
V.04.45,"['---', 'ḿi', '---']"
SP.04.05,['+ilbe']
AB.07.04,['lur++++']
V.00.01,"['', '+rba:nkearsboiltiŕ:baitibo++ŕ', 'i---n', 'etéḿiltiŕ:baiesatababeŕ', 'arkio']"
CS.15.01,['ŕbatiru:te']
V.04.34,"['---', 'tuba+', '+ban', '---']"
AB.06.01,['keti+n:urke+ken']
AB.06.02,['keilu']
AB.06.03,[':tautan']
AB.06.04,['u:akalu:ala+ltun:śalbibaiaŕ vacat']
A.09.04SUSPECTA,"['eś-nikiteikul', 'ES AMICV', 'ireka', '']"
A.01.01,"['', 'e?fokíbuW']"
MU.03.01,['babalka']
MU.06.01,['batibaba']
V.15.03,['utalbi']
MU.02.01,['bani']
V.15.01,"['+ś', 'ilun', '']"
A.13.01,['il']
A.10.07,['bakeokebaś']
AB.08.01,"['kobesiŕekían', 'karesi', '']"
CS.21.09,"['inti+:iunśtir : aŕebin++', 'kaŕ++an arsabaŕn+biteroketo+', 'lekútaanauki++r', 'uśekieśtiŕo+tin']"
V.04.30,"['', 'ke:iŕtu', 'eikeses:biuŕ', 'unstirika', 'nikan', 'tana:tisa', 'natuan:uŕi', 'iŕseikiki:baike', 'ŕi:']"
V.06.001,"['baśer:arskótáŕ:eukilu', 'sukúŕba:bitetean', 'ekaŕbabitibóan']"
CS.13.04,['tike']
CS.13.05,['ie']
CS.13.06,['tel']
CS.13.07,"['', 'iltúbaiŕ', 'bartalban', 'iltubai+']"
CS.13.08,"['ka:ḿbaŕe: setí', 'tunkí:akirtíki:', 'ebar-eku']"
CS.10.01,"['beleśbaiser', 'enḿi']"
CS.07.02,['ukatatie']
V.06.080,['ar']
V.06.086,['i---kan']
V.07.08,['m']
V.04.46,['m']
V.04.48,['lo']
HER.02.001,"['baikár', '']"
HER.02.003,"['biuŕtáŕ', '']"
HER.02.005,['a+']
HER.02.006,['kán']
HER.02.007,['bilo']
HER.02.009,['itutíltéḿi']
HER.02.010,['biuŕtá']
HER.02.011,['aŕ']
HER.02.013,"['bikilakó', 'kéltáio', 'okátor']"
HER.02.014,['aŕkitíbaśar']
HER.02.015,"['o+ś+uŕkeban', '+++', 'auetíŕiśanḿi', 'auetíŕiśarḿi', '']"
HER.02.016,['atinbinḿr']
HER.02.017,['lakubiŕko']
HER.02.018,['itónkio']
HER.02.019,['atán']
HER.02.020,['kátúiśar']
HER.02.021,['atákó']
HER.02.022,['unibetin']
HER.02.023,['sano']
HER.02.024,['selkiteŕar']
HER.02.025,['ibeśoren']
HER.02.026,['tátáala atetúarḿi']
HER.02.027,['unisanḿi']
HER.02.028,"['kaŕtíŕiś+', 'kír']"
HER.02.029,['talskúbilos']
HER.02.030,['aŕki']
HER.02.031,"['aŕskeŕe', 'tol']"
HER.02.032,['lká']
HER.02.033,"['belan', 'káŕaté', 'kásiké', 'betule:e III']"
HER.02.034,['alati']
HER.02.035,['alostíbaś']
HER.02.036,"['anaiośarenḿi', 'ΔΔΔ Π']"
HER.02.037,['anaiośaren ḿi']
HER.02.038,"['ane', '-n---tia-']"
HER.02.039,['anetilike']
HER.02.040,['anbels']
HER.02.041,"['aŕbeitia', 'atibe']"
HER.02.042,"['asetíl', 'asetile']"
HER.02.043,['+skeŕbinḿ']
HER.02.044,['+skeŕbinaŕḿi']
HER.02.045,['aśuneḿie']
HER.02.046,['iaténa']
HER.02.047,['auḿba']
HER.02.048,['lakinḿi']
HER.02.049,['erbe']
HER.02.050,['kaŕoka']
HER.02.051,"['kátúŕe', 'tás']"
HER.02.052,['kiśa']
HER.02.053,['kobakie:nḿi']
HER.02.054,['kúleśba']
HER.02.055,['oití']
HER.02.056,['okáin']
HER.02.057,"['ośain', 'nn']"
HER.02.058,['ośain']
HER.02.059,['ośiobaŕenḿi']
HER.02.060,['balkéskar']
HER.02.061,['baŕḿi']
HER.02.062,['bilo']
HER.02.063,['bitúkibaś']
HER.02.064,['táśkúbilos']
HER.02.065,['ŕuta']
HER.02.066,['suauke']
HER.02.067,['śuaté']
HER.02.068,['tibaibailatíbe']
HER.02.069,['tíkúś']
HER.02.070,['tilur']
HER.02.072,['tóbeŕ']
HER.02.073,['tástéo II']
HER.02.074,['tóutó']
HER.02.075,['uŕaśu']
HER.02.076,['aká']
HER.02.077,"['an', 'u']"
HER.02.078,"['an', 'an']"
HER.02.079,['an']
HER.02.080,['am']
HER.02.081,"['a', 'ti']"
HER.02.082,['atí']
HER.02.083,['ato']
HER.02.084,"['*ka', 'śo']"
HER.02.085,['el']
HER.02.086,"['en', 'ś', 'a']"
HER.02.087,"['eba', 'e', '+']"
HER.02.088,['eba']
HER.02.089,['iko']
HER.02.090,['iko']
HER.02.091,"['i', 'tí']"
HER.02.092,['kátú']
HER.02.093,['kel']
HER.02.094,['biḿ']
HER.02.095,"['', 'ko e']"
HER.02.097,['kúl']
HER.02.098,['ḿba']
HER.02.099,['os']
HER.02.100,['bati']
HER.02.101,['bil']
HER.02.103,['ŕi']
HER.02.105,"['ḿta', '']"
HER.02.106,['tíki']
HER.02.107,['tóu']
HER.02.108,['ale']
HER.02.109,"['s albe', 'L', '']"
HER.02.110,['a+']
HER.02.111,['an']
HER.02.112,['aŕs']
HER.02.113,['ati']
HER.02.114,['iś']
HER.02.115,['kál']
HER.02.116,['káŕkóu']
HER.02.117,['kásike']
HER.02.118,['kási']
HER.02.119,['kau']
HER.02.120,['ke+']
HER.02.121,['kiś+']
HER.02.122,['koti']
HER.02.123,['kúi']
HER.02.124,['ḿbasi']
HER.02.125,['balante']
HER.02.126,['bil']
HER.02.127,['bilo']
HER.02.128,['biuitu']
HER.02.129,['betá']
HER.02.130,['tás']
HER.02.131,['táś']
HER.02.132,"['śa+', '']"
HER.02.133,['śu+']
HER.02.134,['taśkí']
HER.02.135,['tini']
HER.02.136,"['tóu', 'be']"
HER.02.137,['ol']
HER.02.138,['káká']
HER.02.139,"['ora', '']"
HER.02.140,['ŕtúa']
HER.02.141,['kostua']
HER.02.142,['tékíe']
HER.02.143,['śke']
HER.02.144,['túle']
HER.02.145,['ile']
HER.02.146,['ko*']
HER.02.147,['lotiŕe']
HER.02.148,['+ḿi']
HER.02.149,['+ḿi']
HER.02.150,['lti']
HER.02.151,['+eiakun']
HER.02.152,"['keio', 'io']"
HER.02.153,['ao']
HER.02.154,['atitá']
HER.02.155,['ir']
HER.02.156,['+balior']
HER.02.157,['balior']
HER.02.158,['+or']
HER.02.159,['titeŕ']
HER.02.160,['kóues']
HER.02.161,['atáiś']
HER.02.162,['intú']
HER.02.163,['aiś']
HER.02.164,"['a', 'anbaśto']"
HER.02.165,['eŕeté']
HER.02.166,['eŕe']
HER.02.167,['eśkí']
HER.02.168,['etín']
HER.02.169,['kéno+']
HER.02.170,['leoŕ']
HER.02.171,['losa']
HER.02.172,['ḿlbe']
HER.02.173,['balkenḿi']
HER.02.174,['ḿbaŕe']
HER.02.175,['+bela+']
HER.02.176,['bitiḿ']
HER.02.177,['++táleḿ']
HER.02.178,['táśu+']
HER.02.179,['ŕiḿ+']
HER.02.180,['atinḿi']
HER.02.181,['tikuŕ']
HER.02.182,['tiḿbe']
HER.02.183,['ŕtúbaŕe']
HER.02.184,['+uaśe+']
HER.02.185,['uŕsi']
HER.02.186,['la']
HER.02.187,['aka']
HER.02.188,['an']
HER.02.189,['e+']
HER.02.190,['eka']
HER.02.191,['i+']
HER.02.192,['itú']
HER.02.193,['ike']
HER.02.194,['iko']
HER.02.195,['kíŕ']
HER.02.196,['ka+']
HER.02.197,"['kaka', '']"
HER.02.198,"['baka', 'I+']"
HER.02.199,['katí']
HER.02.200,['nké']
HER.02.202,['tal+']
HER.02.203,['la']
HER.02.204,['lká']
HER.02.205,['+lo']
HER.02.206,['nḿ']
HER.02.207,['nḿ']
HER.02.208,['kiḿba']
HER.02.209,['kébe']
HER.02.210,['ben']
HER.02.211,['beti']
HER.02.212,['biu']
HER.02.213,['ŕi+']
HER.02.214,['si']
HER.02.215,['aske']
HER.02.216,['kíŕ']
HER.02.217,['+ś']
HER.02.218,['śo']
HER.02.219,['te+']
HER.02.220,['tin']
HER.02.221,['+ti']
HER.02.222,['tíki']
HER.02.223,['tóu']
HER.02.224,['utu']
HER.02.225,['uḿ']
HER.02.226,['ua']
HER.02.227,['ui+']
HER.02.228,['uki']
HER.02.229,"['u', 'ḿke']"
HER.02.230,['téti']
HER.02.231,['katún']
HER.02.232,['banba']
HER.02.233,['betéleto']
HER.02.234,['un']
HER.02.235,['aŕu']
HER.02.236,['ḿi']
HER.02.237,['+ni']
HER.02.238,['aŕ']
HER.02.239,['kíŕi']
HER.02.240,['śa']
HER.02.241,['atia']
HER.02.242,['lebio']
HER.02.243,"['ueŕilo', 'ueŕilo']"
HER.02.244,['ikálon']
HER.02.245,['kátú+']
HER.02.246,['bela+']
HER.02.247,['oke']
HER.02.248,['kénḿi']
HER.02.249,['atíśakéḿi']
HER.02.250,['osati']
HER.02.251,['+l']
HER.02.252,"['ko', 'l+']"
HER.02.253,['+ntás']
HER.02.254,"['alosoŕtinarḿi', 'atin', 'l', '']"
HER.02.255,['káiuḿi']
HER.02.256,['śanuke']
HER.02.257,['śeŕtúbaŕeḿi']
HER.02.258,"['oŕ', 'auŕtéḿbaŕe', 'ar']"
HER.02.259,['a:ue+']
HER.02.260,['ikó']
HER.02.261,['kio+']
HER.02.262,['ln']
HER.02.263,['atá']
HER.02.264,['+obe']
HER.02.265,['baś']
HER.02.266,['+ŕ']
HER.02.267,['kí']
HER.02.268,['eśkínke']
HER.02.269,"['ikóŕtíbaś', 'ḿbaské']"
HER.02.270,['ikúśkétínar']
HER.02.271,['ikúśkétínar']
HER.02.272,['kabiŕilo']
HER.02.273,"['balkaketur', '']"
HER.02.274,['bilostíbaś:aḿi']
HER.02.275,['-tesuŕ']
HER.02.276,['ako']
HER.02.277,['eś']
HER.02.278,['iś']
HER.02.279,['kan']
HER.02.280,['kaba']
HER.02.281,['ti+']
HER.02.282,['eu']
HER.02.283,['ḿbaŕatil']
HER.02.284,['ḿbe']
HER.02.285,"['śan--ki', 'n-+']"
HER.02.286,['śenikate']
HER.02.287,['utí']
HER.02.288,['ile']
HER.02.289,['ite']
HER.02.290,['+i']
HER.02.291,['nḿi']
HER.02.292,['nśarenḿi']
HER.02.293,['ikíatinḿi']
HER.02.294,['ila*iśarḿi']
HER.02.295,['tál']
HER.02.296,['on']
HER.02.297,['touko : ++']
HER.02.299,['+s']
HER.02.300,['kéu']
HER.02.301,"['+bia+', 'śetú*+']"
HER.02.302,['ibetén']
HER.02.303,['iśnti']
HER.02.304,['kie:n+']
HER.02.305,['ultí+']
HER.02.306,['n+abaeninbaḿe+']
HER.02.307,"['ti', 'biŕ+']"
HER.02.308,['--baroto+']
HER.02.309,['ŕtínka']
HER.02.310,['śunuke : +']
HER.02.311,['aŕ']
HER.02.312,['aŕ+']
HER.02.313,['+au+']
HER.02.314,['ei+']
HER.02.315,['eto']
HER.02.316,['+i+']
HER.02.317,['i+']
HER.02.318,['kin']
HER.02.319,['li']
HER.02.320,['nti+']
HER.02.321,['to']
HER.02.322,['biuŕtan']
HER.02.323,['istá']
HER.02.324,"['alo*', 'III táu IIIII']"
HER.02.325,['atíenḿi']
HER.02.326,['a+--tíkaŕatú']
HER.02.327,['kaie']
HER.02.328,"['kánio', 'a']"
HER.02.329,['likíu']
HER.02.330,['títor']
HER.02.331,['tiuiś']
HER.02.332,['tóutóŕ+']
HER.02.333,['untikóŕiśarḿi']
HER.02.334,['aka']
HER.02.335,"['tu n', 'oke', 'śtú']"
HER.02.336,['iltiŕs+']
HER.02.337,['kobaŕ+']
HER.02.338,['tolo']
HER.02.339,['túr']
HER.02.340,['eri']
HER.02.341,['śtánutu']
HER.02.342,['stán+']
HER.02.343,['+a+']
HER.02.344,['i+']
HER.02.345,['+i+']
HER.02.346,['lu']
HER.02.347,['+ŕ+']
HER.02.348,['tátíŕor*']
HER.02.349,['atús']
HER.02.350,['lo']
HER.02.351,['tésile']
HER.02.352A,"['uaśile', '']"
HER.02.353A,['ile']
HER.02.354,"['tón', 'teki']"
HER.02.355A,['+ekor']
HER.02.356A,['iko-teŕ']
HER.02.357,['tátúŕ']
HER.02.358A,['tatú']
HER.02.359A,"['tátuŕ', '']"
HER.02.360A,"['a ti', 'ko n']"
HER.02.361,"['n ko', 'ti a']"
HER.02.362,['atiŕu++']
HER.02.363,['a+ka']
HER.02.364,"['latúbaŕe', 'ntá kiar']"
HER.02.365,"['baŕe', 'ntá kia']"
HER.02.366,['nkiar']
HER.02.367,['tuŕtúlaŕka']
HER.02.368,['kaŕś++ka++']
HER.02.369,['tíŕi']
HER.02.370,['túŕ']
HER.02.371,"['teua', 'baka']"
HER.02.372,['tiba']
HER.02.373,"['kátúbaŕeká:sisbibaŕkéiké:kalirike:túntiké:n', 'kábielakeutárike:ursa:e*śirike erteriké', 'kaŕeśoŕieiké:istaŕ:túntikéne*śirs:ká', 'latiorne*śirs:kátioibiistaŕbis:laŕakol', 'beitóretáitór:oŕoikáśtóretáitór', 'lokáŕkíkeetán']"
HER.01.03,['kilutaru']
AUD.02.02,"['bako', '+tokiti i+te:']"
AUD.02.03,['ḿtibiu']
AUD.02.04,['uŕ']
AUD.02.05,['iba']
AUD.02.06,['ban']
AUD.02.07,['tí+']
AUD.02.08,['+ka']
AUD.02.09,['tátúŕenḿi']
AUD.02.10,"['', 'ká', 'ŕtáś', 'ŕe', 'akánur', 'belsoŕ', 'tíkírstíker']"
AUD.01.01,['noukoś']
AUD.01.02,"['túŕtúlaŕka', 'ŕka']"
AUD.01.03,"['teŕ+', 'be+']"
AUD.05.01,"['kabesuresis+nkotar eitakér', 'unisanḿi++++ké']"
AUD.05.02,"['olatón', 'biuŕ']"
AUD.05.03,['tólonkia']
AUD.05.04,['kátú']
AUD.05.05,['beti']
AUD.05.06,['atáse+']
AUD.05.07,['aubi+']
AUD.05.08,['oŕkaś kí+++--aŕenḿi']
AUD.05.09,['atán']
AUD.05.10,"['bilo', 'ḿ']"
AUD.05.11,"['eŕskónḿi', 'ME']"
AUD.05.12,['ŕskón']
AUD.05.13,['eŕskonḿi']
AUD.05.14,"['ḿiatá', 'i']"
AUD.05.15,['ḿiatá']
AUD.05.16,['ḿbeŕ']
AUD.05.17,"['uŕḿḿbeŕ', 'leistíkeŕaŕḿi', 'ḿ']"
AUD.05.18,['leki']
AUD.05.19,['le']
AUD.05.20,"['ilti', 'sale', 'kél']"
AUD.05.21,"['sa tú', 'l']"
AUD.05.22,['aś']
AUD.05.23,"['ati', 'u', 'u']"
AUD.05.24,"['ilti', 'iu']"
AUD.05.25,['+nḿi']
AUD.05.26,['ḿi']
AUD.05.27,"['be', 'il']"
AUD.05.28,['uḿ+']
AUD.05.29,['tuko']
AUD.05.30,['ś']
AUD.05.31,['sakáŕbetin']
AUD.05.32,"['biuŕkótákiar', 'ibeitíkeŕtákiar']"
AUD.05.33,"['táŕuŕśa', 'r']"
AUD.05.34,"['eisbuŕeban', 'bakáśkétéi+uŕeś', 'tíniŕ:baiteskike:', 'norotáŕ:atinbuŕ', 'ikéi:kúleśkéŕe:', 'bastíke:leosir:bilos', 'tíbaś:tíkirsbin:', '‡tuoŕiś:baśbin:tákálś -', 'or:atine:beleśbaś:', 'aŕsbin:kánbuloike', 'bakáśkétéi:kiskéŕtán:', 'eśuŕeśuniŕ:', '------------------', 'selkitáŕa śalkitei', 'ké:kánbuloilereutí', 'niŕ:bekóŕtóisabe-', 'liŕ:tateiarikáne', '------------------', 'abelkiŕtiká:ntéteia', 'rikáne:baiteskike:kúl', 'eśkéŕe:iltiŕśar', '-- atinkeŕeatán:ati -', 'nbin:litúŕiśuaśtí', 'śo:toilakóni:bastí', 'ŕ:alaśbuŕ:ḿino:atá', 'niké']"
AUD.05.35,"['kúleśbuŕka', 'nisoŕbateike', 'kílekáŕkéloŕ', 'suŕsebetíka:baite', 'seŕtínké:kúleśké', 'ŕekekuleśiri', 'ke lekáŕkéloŕ', 'suŕabetíkabaite', 'sbitískéis:banśor', 'iltiŕtíkeŕ:bilos', 'tibaśibeisur:bil', 'osleistíkeŕ:bil', 'stíkis:iltiŕśar:', 'ḿinḿbailtiŕkin', 'túŕśiltíŕ']"
AUD.05.36a,"['alaśbuŕ:śal', 'kíteiké:ḿiŕeśtí', 'niŕ:śalkíteitá', 'basiŕiuta:loŕs', 'ar:túŕśiltiŕ:le', 'káŕké:lekáŕśoŕ', 'iebase:ḿuŕeś', 'uniŕ:ban----', 'siŕiu:-----', 'loŕsar:ba---', 'ke:kúleśir:bal', 'n:kul', 'tíke', 'is:lei', 'vacat', '------------------', 'ś', 'ilti', '------------------', 'kuaŕ', 'ir:abater', '------------------', 'kuni', 'ensiŕ']"
AUD.05.37,"['iltiŕatinir---as:śani', 'śtunel---s:‡skú-atínelś', 'skeŕ---einerbakú---atintáś:', 'aŕse---aŕetá:kúleśtíkeŕ:iltiŕ', 'aretáneśimbe---abaŕtíkeŕ:abarskútár:akítíke:n', 'istílakéta:‡--- teskánelba:ml--- m:aŕba']"
AUD.05.38b,"['', 'neŕiku', 'ta -- i --ar', 'kuntos', 'kuta', 'kebabe', 'tebati', 'ko', 'biŕ', 'ataki-keŕa', '']"
AUD.05.36b,"['n:tuŕśebanalaśbu', 'ŕḿŕeśuniŕ:baitese', 'ŕtínke:kúleśir:balaka', 'n:bilosbinbaśbiniltiŕś', 'ar:ibeisur:atinbin:bilos', '-n:śoilo:tíkirsbinabaŕś', 'neu:iatí', 'śkáti:bitókaurtí', 'kiŕśiltiŕ', 'eu:śanibar:lo', '-:baśbaneke:atin', 'ikeká', 'aśiké']"
AUD.05.39,"['ati', '']"
AUD.05.40,['kal']
AUD.05.41,"['u', '+++++']"
AUD.05.42,"['IIIIII', 'ta']"
AUD.05.43,['ḿ ḿ ḿ I I I I ḿ']
AUD.05.44,['li']
AUD.05.45,['ba']
AUD.05.46,"['ka', 'I I']"
AUD.05.47,['ki']
AUD.05.48,['i']
AUD.05.49,['i']
AUD.05.50,['i']
AUD.05.51,['tá']
PYO.01.01,"['--- be++-śaŕen', 'e táe ----', '-------------------', '---táŕ']"
PYO.01.02,"['kítá+', 'baśons', 'ikasors', '++']"
PYO.01.03,"['bitatól', 'tá']"
PYO.01.04,['tóa+']
PYO.01.06,"['belś', 'atáten']"
PYO.01.07,['sitá']
PYO.01.08,['abatáito']
PYO.01.11,['iunstia+']
PYO.01.12,['túŕtis:en']
PYO.01.13,"['atáio', 'ta']"
PYO.01.14,['luta']
PYO.01.15,"['bite', '']"
PYO.01.16,['śakí+']
PYO.01.17,['kábeś']
PYO.01.18,['alauke']
PYO.01.19,"['tikeba', 'kaso', 'ŕ+']"
PYO.01.20,['ŕukábetitákiar']
PYO.02.01,['eleŕbaś']
PYO.02.02,['táśkéne']
PYO.02.03,['kosbal']
PYO.02.04,['ibeŕ+']
PYO.02.05,['+uetiŕi']
PYO.02.06,"['biuŕ', 'ḿ']"
PYO.02.07,['tinś']
PYO.02.08,['on']
PYO.02.09,['ḿi']
PYO.02.10,['tau']
PYO.02.12,['or']
PYO.02.14,['teke']
PYO.02.15,['toke']
PYO.02.16,['toba']
PYO.02.17,['túiti']
PYO.02.18,['bekoriśa+']
PYO.02.19,['+++++']
PYO.02.20,['ośkautato']
PYO.02.21,['lko']
PYO.02.22,['ta']
PYO.02.23,['tá']
PYO.02.24,['ti']
PYO.02.25,['u']
PYO.02.26,['+ḿi']
PYO.02.27,['bal']
PYO.02.28,['ŕi']
PYO.02.29,['III bi']
PYO.02.30,['u']
PYO.02.31,['a']
PYO.02.32,['i']
PYO.02.33,['n']
PYO.05.01,"['', 'kebelkuŕe:eŕkunbase', 'śaúśir', 'neotin+', 'kebe']"
PYO.05.02,"['baŕkarbaŕkaike IIIIII', '']"
PYO.05.04,['tiukas']
PYO.05.03,['tiukasurbir']
PYO.07.01,['etakartalbeteśu:bekeberekílikéletaké+i:bekeberekílieśu']
PYO.07.02,"['ekibal', '']"
PYO.07.04,"['oŕabebetíkíbelsir', '']"
PYO.07.13,"['ekeŕśore', 'ekeŕśore', 'ekeŕśore', '']"
PYO.07.14,"['artiunaner', 'tanito', 'arirkatiliŕtalaŕi', 'atilarlikuŕtalaŕi', '']"
PYO.07.15,"['l++ikiŕkibena', 'atani tibaibaś+n', 'unibase IIII']"
PYO.07.16,"['ostánoskíkíŕi', 'títíḿḿ śo +śkú tu+tikabetétúaita', 'atákerstítíḿḿtína o++tíŕi', '+atintábeś:oskíkíŕi']"
PYO.07.17,"['tíkánbiuŕ:n:śaitálekite ebiutábi', '']"
PYO.07.18,['aśkéltioŕbatisitiai']
PYO.07.19,['lei']
PYO.07.20,['okale : baḿiban : nelai']
PYO.07.21,"['artiunaner', 'tanito:artirkatiliŕtalaŕi', 'atilar:likuŕtalaŕi']"
PYO.07.03,"['oŕtinkáli:+sukásir:belenkú:itaŕer:oŕtinkáliI:eśambe:tártiar', 'anbeIsibemms:kútún:tíkirsatinI']"
PYO.07.05,"['atáŕ', '']"
PYO.07.06,['lauś']
PYO.07.07,"['tártábieki', '']"
PYO.07.10,"['beŕtibeŕiśorḿikenia', 'uskaurekéntínkálti', '']"
PYO.07.11,"['tákeŕ', '']"
PYO.07.12,['baŕtite++i+++iai']
PYO.07.08,"['bakaŕtóś', '']"
PYO.07.09,"['elḿḿ titíae', '']"
PYO.06.01,['ḿno']
PYO.03.01,['terike+korekerbelea']
GI.02.01,['ban+butiŕban']
GI.02.02,['suisebeleśanaieinekabin']
GI.02.03,"['iŕ', 'baŕebilosḿi', 'autiŕtátakáŕbi']"
GI.03.03,['naikus---']
GI.03.01a,['aŕamtaŕśu']
L.04.01,"['ske', 'bo']"
HGA.01.01,['ka ko sss ti IIII']
HGA.01.02,['ko sss ti II']
HGA.01.03,['ti II']
HGA.01.04,['Πśu+']
HGA.01.05,['lu']
HGA.01.06,['nuΠJ']
HGA.01.07,['akabitiO+']
HGA.01.08,['kaeśn+--ss ka---tiO']
HGA.01.09,['ΠΠΙ']
HGA.01.10,['ŕ--lko---ti IIII']
HGA.01.11,['ti IIII']
HGA.01.12,['ka ko sss ti IIII']
HGA.01.13,['ka ko ss----']
HGA.01.14,"['ŕuba:ko L II ti ΠI', 'sakaŕ']"
HGA.01.15,"['ŕuba:ko L II ti ΠΙ', 'sakaŕ']"
HGA.01.16,"['ŕuba:ko L II ti ΠI', 'sakaŕ']"
HGA.01.17,"['ŕuba:ko L II ti ΠI', 'sakaŕ']"
HGA.01.18,['śeśte ko s I ti IIII']
HGA.01.19,"['kurti ko s ΠIII', 'ti Π', '']"
HGA.01.20,"['binuki ko s L', 'ti ΠΙ', '']"
HGA.01.21,"['binuki ko s L', 'ti ΠΙ', '']"
HGA.01.22,"['Q : OFELI : ko s', 'ti']"
HGA.01.23,"['iu:ko sss L Π ti IIII', '']"
HGA.01.24,"['babiŕki ko s ΠIIII', '']"
HGA.01.25,"['oka ko ssss L ti IIII', '']"
HGA.01.26,"['usi ko s L ΠIIII', 'ti ΠΙΙΙ', '']"
HGA.01.27,['kaŕbi:ko s ΠIII ti IIII']
HGA.01.28,['ns ti ti III']
HGA.01.29,['ka ko ss III ti IIII']
HGA.01.30,['ka ko ss III ti IIII']
HGA.01.31,['anbi ko ssss L III ti III']
HGA.01.32,['anbi ko ssss L III ti III']
HGA.01.33,['anbi:ko ssss L III ti III']
HGA.01.34,['---sss L III ti III']
HGA.01.35,['iu:ko sss L Π ti IIII']
LAN.01.02,['kutite ekiar']
PYO.03.02,"['ballkabaŕoŕbaḿ', 'ḿka+n++toobaḿotie', 'eḿ']"
L.01.03,"['', '+ŕsu+:sakáŕbaś:lauŕu+---', 'ábaŕ:+++iaika:+istesetuŕeŕu:+++', '------', '------+', 'abaŕar:uśékiré:astebai:bine:banaibeki:bitéukin', 'baśbaneŕai iunstirubeski', 'śaniai o']"
PYO.07.22,['téleuśkatéleuś']
PYO.07.26,['artiunaner']
PYO.07.27,['tikir--+']
PYO.05.05,"['skón', 'belśtáŕtólokó', 'belśkó']"
A.08.20,['kiti+-steeiar']
AUD.04.02,"['', 'eŕeti--areritaŕatis---ne-', 'ŕer:bekinetaneŕs+ebiŕskaś--ar', 'bekinetaneŕs:ḿ seikeḿikeriti', 'kok?ḿ iakila:tiŕabakeśtaiŕtiśan', 'irlaurtisa:eśkubaŕs:eleŕ:kais', 'bora:bitekian:keitiŕeie--eŕ--', 'kutuŕaŕ--e']"
HU.03.01,"['---śamibi:tiabeke', '---aŕ𐘃:ḿlbeikibanki:ḿbaŕ---', '---iki:tiabe---']"
GI.08.01,"['---i:iltiŕ+---', '---+biḿ:atá+---', '']"
T.13.01,"['', '---+ska---', '---++ta+koiltun---', '---+++-+++-ḿba+---', '---raka', 'akoboailtun', '++a-rtinaba---']"
B.11.01,"['', 'barete:iŕe:oskaistire:tikotinte', 'iekate:eŕokate:ekiarḿi: banḿi:iekate--------nite:banikate:luśiunbaker', 'eŕokarḿi:banitekitane:niteketane:+----kaliḿsetane:banitekitane', 'eŕate:eŕokar:ḿie:oŕosubeta', 'te:eŕokaḿi:baḿiŕer:sanḿi', '-----bitebaŕḿi:akari:betainei', '---------kaśiŕte:binḿi', '----+r+-----i:toŕbos:bankite', '---nḿi:bar-----ḿi:śeneuŕebas', '----te:ile+-----binḿi :nie', 'banekie:seaŕḿebetane:-aŕbaḿebetane', 'anḿkitare:nitebetane:ineŕtoo', 'teikiŕ:iustir:basetiŕ--suekate', 'lakukuse:eŕate:suŕ-te:bankite', 'kaśtiŕ:sikeikanśar:kereiskar:+++--', 'kaśtiŕte:alikikila:oŕosubeta----', 'karasatiti:bitirikate:akari:ka----']"
PYO.01.21,"['+bantiŕatan---ri++', 'ŕoketan-tinekaŕtona', 'baŕete:iunstiŕ-nba', '+bakaiakilu:aŕikebaanaŕuki', '+s:beŕkas:n---ḿtibian', '+neroŕte:lekaŕakakéutite', 'l:túskiteababakitakan+', 'tiŕata++:banbanai+', 'v iniltiŕe:', '+iaban:uŕe+', 'kakiŕabaŕkien', 'lteis:u', '++te', '']"
PYO.01.22,"['iunśtir---ś---te biuŕaŕkiŕ:iunska+ŕ:baśtibaśbe+', 'beukins---ŕs-tinbirtíeŕ:kuŕs:iltiŕailtune++', 'kaisi+---betarbebatetans:banauŕbesbe:śalir+', 'bananebe---baŕstinte:eŕatilkanebe:untaŕakaer:+', 'kai-e---ebeiŕ:te:n+bereti:lete:nauki+', 'i---uśekisn-bertaski+oki--nasa:uŕkéa+', '+bananebe---+te+', '']"
HER.02.374,"['ilunaté -', 'neitíniunstír:kúle -', 'śare:aḿkíteibase']"
L.01.04,['---anbeŕe---']
L.01.01,"['---n:iskutur:iteŕokeḿ+---', '---tanere:ine:+++n:la---', '---+kane']"
L.01.02,"['', '---eike:uiŕe:ka+---', '---:aiteŕu:teŕ----', '---beite:nikin---', '---nikan:bosku+---', '--- iltiŕtikaŕ:i+---', '---+:naltun---', '---be:e:batir---', '---+n+otu---', '-----ś+kin:uŕ+---', '----ko:+tunki:ne---', '----kisekus:isai---', '----ku+stu:nite:e---', '---kanbeike:ente---']"
T.03.02,['nio---']
LAN.01.01,['binbaikaŕ']
Z.09.06,['sesinen ḿi']
Z.09.07,['bilonike']
Z.09.12,['ḿi']
TE.17.02,"['ataleukebate', '++kosḿbake', '++++']"
TE.04.03,['likinete:ekiar:usekeŕteku']
TE.04.04,"['bilakeaiunatin', 'en:abiner']"
Z.11.05,['alo']
SP.02.37SUSPECTA,['turatin']
LO.04.02,['lueikar']
GI.01.01a,"['biŕlbaŕteokiḿe', 'ta+ta+ta', 'balu']"
GI.01.02,['karteIII']
GI.01.01b,['ullnti++urba']
PYO.05.06,['amban']
PYO.04.01,['eluŕaite : bas : uḿmiser']
PYO.07.23,"['', 'e', 'ere']"
PYO.07.28,['banbaibarbanibikan']
PYO.07.30,['ilekutur']
HER.03.01,['baitato']
AUD.06.01,['u talbabea']
AUD.07.01,['ΚΑΝΙΚΩΝΕ']
T.12.02,"['akirukéŕté:iustír baśbeŕ', 'akiroŕtin', 'ultilatie']"
T.12.01,['ata']
T.08.01,"['or', 'baś']"
T.08.03,['lake']
T.08.02,['ikoŕ']
T.11.12,['abeli---']
T.01.01,['il']
T.06.02,['ibe']
T.06.01,['er']
T.06.10,['iskelaker']
T.06.07,['taŕ']
T.06.05,['oŕ']
T.07.03,"['uśtalar:ortinbeŕeteŕeikiaŕ', 'śalaiaŕkisteŕokan:śalir o III:', 'neitiniunstir:aiunikuŕskate :']"
SP.01.01,"['s---ŕ : baiteski : bilosebam : boioi: balesaika :', 'bebatiŕ : itiŕokanker---++++++', 'm : baika:bilosebam : boioi :baite+']"
SP.01.02,"['---aiuki : setibios : baiteski : sal---tiŕe : te', '--- il---e+', ':baŕkabiosbaite---ilorse', '---teibalesaika : uŕtieiuŕ', 'uŕ +i+']"
GI.17.03,['taŕtibeleś']
GI.12.01,['kato']
GI.09.01,"['il', 'SAR+---']"
GI.13.03,['---kíbetí']
GI.13.05,['bai']
GI.13.06,['tusu']
GI.13.02,['am']
GI.13.07,['káśtáumbanḿi:oŕoikáoir']
GI.10.02,['biuŕti']
GI.15.03,"['---suibiu', '---ŕkere---', '---kaltu---']"
L.18.13,['bastinta']
L.18.05,['kai']
L.18.06,['kai']
L.18.04,['oŕti---']
L.18.09,['sube']
L.18.14,['śube---']
L.18.03,"['titiś', 'totoś']"
L.18.10,['titu']
L.18.11,['ton']
L.18.12,['tua']
L.18.,['i']
T.11.49FALSA,['kaśkoku']
L.18.02,['lal']
L.15.02,['--- selkibeŕśar:u+---']
L.15.03,"['---kata', '---tuŕŕoata']"
L.14.03,['oŕ---']
L.14.02,['taŕti---']
B.41.02,"['ḿlbebiu', 'ŕar:ḿi']"
B.41.03,"['bantuin', 'ḿi:ḿl', 'bebiuŕe', 'banen']"
B.41.05,"['aiuniltun', 'aiuniltun']"
B.40.01,"['------+', '--- śalir:e:IIIIII', '---+i+', '------+']"
B.40.03,['iskébeŕir']
B.40.02,['iar']
B.20.06,['---er:tákiar:iasbi---']
B.20.13,['---se']
B.20.09,['---+re---']
B.20.07,['---+n']
B.20.10,"['ba+---', '+']"
B.20.11,['bel']
B.20.08,['---+obi---']
B.20.05,['śo+---']
B.20.15,['---taba---']
B.20.12,['taś']
B.20.02,['iltiŕtáneś']
B.32.02,"['---taŕaltu---', '---+eka']"
B.32.01,"['---ebartin:alo', '---botoleis']"
B.19.04,"['teśailauŕ', 'beŕśir++n', 'bitán', 'astébeibaseban']"
B.44.03,['bilake']
B.09.01,['śaleitaŕtin']
B.09.02,['śaleitaŕtin']
B.09.03,['śaleitaŕtin']
B.09.04,['śaleitaŕtin']
B.09.05,['śaleitaŕtin']
B.09.06,"['śuiltiŕ', 'ko']"
GI.18.01,"['-akutáneś', '-laśtékeŕar++']"
GI.13.01,['baikárekérar']
B.25.06,['ḿltunśor']
B.25.02,['ḿltunśor']
B.25.03,['ḿltunśor']
B.25.05,['ḿltunśor']
A.14.01,['akaŕ']
B.25.04,['ḿltunśor']
B.25.08,['oe']
B.16.03,['talskubilos']
B.25.09,['oe']
B.25.10,"['oe', 'i']"
B.44.39,"['kutukiŕbitatikoukeboseko?ḿ', 'kutakituŕsborbiokou']"
B.44.37,['tite']
B.44.30,['balke']
B.44.18,['baŕ---']
B.44.19,['---ḿi']
B.44.31,['kai']
B.44.26,['sa']
B.32.03,['---+ato---']
AUD.05.38a,"['', 'biteŕto', 'loŕkas:beiku', 'śiśalirbitíŕokánkube', 'r:taŕokekubeŕ---ntobo', 'ke:aŕ*kueibos teŕati', 'neŕśar:karistiaku', 'tiŕantan:naŕtokui-te-ko', 'itiatu:ban:kutur:biteŕokan', 'leisirenḿi', '']"
AUD.07.02,['ΚΑΝΙΚΩΝΕ']
Z.08.03,"['ś', 'bur']"
PYO.01.23,['okei']
PYO.01.33,['luta']
GI.01.01c,['kúkutútutítibabitátatétekókotóto+leś-skáka++a+mnirŕbekíkiu?ḿ+']
GI.01.03,"['neitin:basetiŕa:iuns', 'tir:baŕbinkiteuskeikite', 'śauś', 'karteIII', 'karteIII', 'karteIII', '']"
GI.03.01b,['kúkubabitátakókotéte-tútuŕutítitóto+---']
GI.03.02,['kutubitatikoaŕkiuŕ']
HER.02.352B,['aś']
PYO.07.32,"['', 'ḿ++', 'ḿ++tá+']"
PYO.07.33,"['śbata mu lnelneśuḿ', 'ba++ oba babalŕela+teeebatinea']"
PYO.07.34,"['batállelbi', 'oo++l']"
PYO.03.03,"['ao', 'ba+ibaa+ na', 'tikabaoliŕoti+', 'tikabanba+ba']"
PYO.03.04,"['ti', 'tiuka']"
PYO.03.05,"['baor+si', 'kaael+nieiei', 'eŕḿ']"
PYO.03.06,"['abata+', 'okaon']"
PYO.03.07,['o+alo++++ka']
PYO.03.08,['iletikatarto+']
PYO.03.09,['kugutudutidibabitada++kogo-------lbubeo++ŕkigitodo++mnḿIu']
PYO.03.10,['batubiŕa taka']
PYO.03.11,['kutukiŕbitatiko']
L.13.01,['---kon']
A.02.03,['bele']
GI.16.01,['ilturtiki']
GI.16.02,['kai']
TE.13.01,['ben']
TE.13.02,"['e', '']"
TE.13.03,['bas']
L.18.08,"['okaia', 'ś']"
L.03.07,['sbaśa']
L.03.05,['ḿi']
L.03.09,"['ute', 'o']"
T.15.01,['---+bitiukin:beta++---']
L.08.03,['---tasa+---']
L.05.01,['banbaibar']
GI.10.09,"['---al---', '---+---']"
GI.10.01,"['---+e', '---+tin', '---tili']"
B.08.01,"['kutukiŕbitatikokabastokeaubooel?nḿite', 'śrbe']"
B.25.07,['bal']
B.20.01,['---+la---']
B.47.10,['bal']
B.44.04,['---bil']
B.41.09,['boba']
B.41.18,['---+ui---']
B.41.19,['luni']
V.06.082,"['eŕiarban:selkeśaler:teekiar:tárdeḿbaŕ:', 'aten:niśunin:bekóŕban:oŕer:ukeŕteiser:']"
V.06.083,['eŕi---ikamteiunsr:']
V.06.084,['aitube']
V.06.085,['eŕiar:ban+']
CS.02.01,['o']
Z.11.06,['be+---']
Z.11.08,['sŕ']
Z.11.11,['teitataŕeseŕaśoankeibonatintaneśte']
Z.11.12,['---+narḿi']
Z.11.13,['---u:a---']
Z.11.14,['ti']
TE.11.04,['aiunin']
Z.13.01,['tike']
Z.13.02,['tai---']
TE.02.352,['aba']
TE.02.353,['abo']
TE.02.355,['akoes']
TE.02.356,['al']
TE.02.357,['an']
TE.02.358,['as']
TE.02.359,['ati']
TE.02.360,['ati']
TE.02.361,['babe']
TE.02.362,['baiti']
TE.02.363,['baka']
TE.02.364,['bako']
TE.02.365,['ban']
TE.02.366,['baŕboŕba']
TE.02.367,['baś']
TE.02.368,['baś']
TE.02.370,['beŕ ó beku']
TE.02.371,['beŕ']
TE.02.372b,['uti']
TE.02.373,['bil']
TE.02.374,['bis']
TE.02.375a,['biuŕtetel']
TE.02.375b,['biuŕ']
TE.02.376a,['biuŕtetel']
TE.02.376b,['bi']
TE.02.377,['biuŕ']
TE.02.378a,['biuŕ']
TE.02.378b,['ḿ']
TE.02.380,['eba']
TE.02.381,['ebo']
TE.02.382,['ekia']
TE.02.383,['ir']
TE.02.384,['kal']
TE.02.385a,['ka']
TE.02.385b,['a']
TE.02.385c,['kan']
TE.02.386,['kar']
TE.02.387,['kato']
TE.02.388,['kato']
TE.02.389,['koba ó bako']
TE.02.391,['keŕ']
TE.02.392,['keŕ']
TE.02.393,['lba']
TE.02.394,['la']
TE.02.395,['la']
TE.02.396,['likor']
TE.02.397,['lu']
TE.02.398,['oba']
TE.02.399,['oi']
TE.02.400a,['on']
TE.02.400b,['ba ó ba']
TE.02.401,['ska']
TE.02.402,['śa']
TE.02.403,['taka']
TE.02.404,['tir']
TE.02.405,['tiu']
TE.02.406a,['tike']
TE.02.406b,['aḿe']
TE.02.407,['tol']
TE.02.408,['tuti']
TE.02.409,['ubao']
TE.02.411,['ue']
TE.02.412a,['l']
TE.02.412b,['un']
TE.02.413,['un']
TE.02.414,['ur']
TE.02.415,['us']
TE.02.418,['aa']
TE.02.419,['lŕ ó lku']
TE.02.421,['ḿl']
TE.02.422,['ŕŕ']
TE.02.424,['sss']
TE.02.427,['? ba']
TE.02.428,['ba ?']
TE.02.429a,['e']
TE.02.429b,['l ba ?+']
TE.02.430,"['l', 'e', 'ba', '?']"
TE.02.431,['ta ? ó l ?']
TE.02.432a,['e']
TE.02.432b,['ba']
TE.02.433a,['?']
TE.02.433b,['ko']
TE.02.434a,['ko']
TE.02.434b,['?']
TE.02.435a,['bi']
TE.02.435b,['r ó a ó tu']
TE.02.436a,['ko']
TE.02.436b,['ta']
TE.02.437a,['l']
TE.02.437b,['n']
TE.09.04,['balkei']
TE.09.05,['balkei']
TE.09.06,['turatin']
TE.09.07,['rati']
TE.09.10,['unin']
TE.09.11,['kaku']
TE.09.02,['balke']
TE.09.03,['balkei']
TE.09.08,['tin']
HER.02.359B,['tátu']
HER.02.359C,['tátuŕ']
HER.02.360B,['a ti n ko']
TE.02.467,['baś']
TE.02.468,['so']
GI.10.11,"['tin:iunstír:tau+koteká', 'tieśnitíŕatan:biuŕtikise:', 'beŕisetítiatoká:nikokátoar-bai:', 'túŕkosbebon:uskáŕe:tieká ultítikán:', 'eŕtebaśká:bintuŕkeská : abatutíkerká:uke', '++bo:tíŕatisukil:itíkotesun kortínte:', 'tíekáa:sitíŕakáŕka+:nikokaiatai', 'is:beŕteike:ituŕutan:lebósba-ibon', 'batíŕe+káŕ-iteŕibon', 'tu', 'śalir:i-ba---:banteŕba', 'n:tínebeta', 'n:itíte++ta', 'salaker:itiŕoketebon : iŕ+', 'ká:iunstíriká:sikite:basir', 'kátúlatíen', '']"
V.14.02,"['', '---u---i---', '---++---tilso+++śatiŕa', '---o---siltiko+l+goloŕta ---', '---ti:ikoŕiskeŕ:ko---', 'balkeśiŕa', 'balkeśiŕe:anabedi:iuśtir:beles:gebelesekesai:aśkeŕeŕdir:-ŕeka:', 'gotuadeŕokegon', 'ikoŕbaś:al+ŕei:oŕdi+ŕa+', 'kalaneia:asugin']"
GI.08.08,['---eŕkuto']
GI.08.03,"['bikiśar', 'n']"
GI.08.10,['---+r']
GI.08.06,['táŕśa---']
B.48.01,['---kubal+---']
T.05.01,['ete']
L.02.01,['---+naś']
B.26.01,['tikirsai']
B.09.07,"['‐‐‐ŕ ∙ eki‐‐‐', '‐‐‐iŕa‐‐‐']"
T.02.01,"['------', '---in', '---eŕa', '---+n', '------']"
GI.04.01,['nei---+śba']
T.13.02,['bal']
T.14.01,['kul---']
T.05.02,['---+is---']
T.03.03,['kaŕaniśaŕen']
T.11.14,['oŕti']
T.11.10,['--- aŕe---']
T.11.13,['bai---']
T.11.11,['aba---']
B.44.08,"['kai', '++']"
B.44.20,['---+ka']
B.44.27,"['al', 'l']"
B.44.36,['tako']
B.44.35,['śalai']
B.44.33,['la']
B.44.32,['ker']
B.44.40,['---eśa+---']
B.44.38,['---+baŕ+---']
B.44.29,['bal']
B.44.34,['oba']
B.44.23,['biu']
V.15.02,['bekon']
AB.03.01,['ulboate:l']
V.06.100,"['baoiŕa', 'baŕi']"
AB.03.02,['ulboate:l']
V.12.10,"['ka', 'kos']"
GI.07.01,['-+tíbaikárḿi']
GI.07.02,"['biuŕtékeŕtíkiar', 'káśtáu---:a---+ekiar']"
B.37.01,['baśtan']
B.12.04,['taba']
AB.03.03,['silkabontii']
GI.08.09,['---ŕ']
V.24.01,"['', 'urtal', 'urtal', 'urtal', 'urtal', 'urtal', 'ual', 'eura-ki---ban', 'urtal', 'urtal', 'kaetite', 'urtal', 'kauŕgobeŕole', 'kaugobeŕole', 'utal', 'urtal', 'baneŕbai', 'euraneakurbi', 'kunta']"
L.08.12,['---+ŕs']
L.08.10,['---+kue']
L.08.07,['bie']
L.08.05,"['eku', 'baŕ']"
L.08.06,['bas']
L.08.08,['kul']
L.08.09,['---sbasto---']
L.08.11,['---+ou']
L.08.04,['titiboŕ:+---']
L.21.01,['eku']
V.14.03,"['---', '---iŕ:a IIIIIIIII---', '---takebe:kan---', '---alir:ikaku---', '---bankotur:++---', '---']"
V.14.04,"['---', '---+leuŕate---iŕe---+i--i---', '---+:tieibiŕ:kibatasan---oŕtinbeŕi---', '---tisbasiŕaŕebe:tieibiŕ:śalir:s---', '---sa:tilauti-e:ḿke---anbe-+--n---', '---']"
V.04.61,"['iunti', 'koke :kutuŕ', 'siku+ike', 'kan+ti+:', '-uni-', 'untikote', '+kolki+', 'ténun+']"
PYO.07.46,['okaleIII']
B.44.41,['ta-u']
B.44.42,['bal']
B.44.43,['aŕ']
B.44.44,['-ko']
L.15.04,['---śbaokil']
PYO.07.37,['akietaukemtaŕkate']
PYO.07.40,['ekoŕ']
B.20.16,['atintáŕekíaḿi']
PYO.07.41,"['', 'onoisakebatiubiku', '++++kutun']"
PYO.07.42,['nkiuŕ']
PYO.07.43,['san']
PYO.07.44,['kutur']
PYO.07.45,"['okaler', 'baninibaŕ', '-tinbastaneśe', '--++++tuka+++sar']"
GI.15.66,"['babar:kikibi:isar', 'titibiaŕbibi']"
V.06.102,"['++ o o o n', '+ḿ o +']"
V.06.103,['ka o ka']
V.06.104,['ku o ku']
V.06.105,['te o te']
V.06.106,"['a', ':', 'ku', 'a', ':', 'ka', 'b:', 's:ś+ o s:śti']"
V.06.107,['te']
V.06.108,['ŕ']
Z.10.04,['kekaŕo']
Z.10.03,['baŕati']
Z.10.02,['eikebi---']
AB.02.02,['rkesba?eli?++']
AB.02.04,['ane']
AB.02.05,['+nlnl']
AB.02.06,['sa']
AB.02.07,['iasoial']
GIB.01.01,['iŕbe ogaŕei---eban']
TE.02.000,['N']
V.21.02,"['B', '+ookogo+', 'B', 'tadata+++ke+++']"
A.04.13,['ban']
TE.05.10,['bil']
TE.05.11,['bil']
L.01.05FALSA,"['iltiŕta kese', 'LXSA']"
GI.12.02,['se']
GI.01.04,['urtalike']
GI.00.01,"['', 'baitolo', 'baitolo']"
L.25.01FALSA,['nltiŕbo']
L.23.01FALSA,['śaiti']
L.22.01FALSA,"['ikon-', 'ḿkeiḿi', 'iltubel-', 'eśeban']"
T.11.16SUSPECTA,"['++++', 'lorka']"
